title,manifest
看病要訣,https://content.staatsbibliothek-berlin.de/dc/PPN334622967X/manifest
丸散膏丹（王秀清）,https://content.staatsbibliothek-berlin.de/dc/PPN3346229696/manifest
經驗良方,https://content.staatsbibliothek-berlin.de/dc/PPN3346229688/manifest
[痘疹點烙及診治],https://content.staatsbibliothek-berlin.de/dc/PPN3346229718/manifest
[五官科用藥手册],https://content.staatsbibliothek-berlin.de/dc/PPN1741921627/manifest
痘疹科 3卷,https://content.staatsbibliothek-berlin.de/dc/PPN1741928966/manifest
幼科折衷 2卷 (存卷1)（秦昌遇）,https://content.staatsbibliothek-berlin.de/dc/PPN3346229734/manifest
[脈藥歌訣],https://content.staatsbibliothek-berlin.de/dc/PPN1741930456/manifest
急救雜症（陳春山）,https://content.staatsbibliothek-berlin.de/dc/PPN3346229750/manifest
[脈藥]手抄本,https://content.staatsbibliothek-berlin.de/dc/PPN1741938481/manifest
鬼子翻語書,https://content.staatsbibliothek-berlin.de/dc/PPN1741940486/manifest
瀕湖脈學,https://content.staatsbibliothek-berlin.de/dc/PPN174194113X/manifest
[針灸雜抄],https://content.staatsbibliothek-berlin.de/dc/PPN1741957508/manifest
全抄小兒推拿廣意,https://content.staatsbibliothek-berlin.de/dc/PPN1741957931/manifest
[傷寒證治],https://content.staatsbibliothek-berlin.de/dc/PPN1741958369/manifest
外科證治全生集（王維德）,https://content.staatsbibliothek-berlin.de/dc/PPN3346229777/manifest
寒濕跌打斧砍金瘡公選良方,https://content.staatsbibliothek-berlin.de/dc/PPN1741958679/manifest
傷外科（[諸葛一生]）,https://content.staatsbibliothek-berlin.de/dc/PPN3346229793/manifest
[十二時辰穴傷診治圖],https://content.staatsbibliothek-berlin.de/dc/PPN3346229815/manifest
[符咒治病書],https://content.staatsbibliothek-berlin.de/dc/PPN3346229831/manifest
親驗針灸彙錄,https://content.staatsbibliothek-berlin.de/dc/PPN1741959330/manifest
[近代諸家醫案摘抄],https://content.staatsbibliothek-berlin.de/dc/PPN1741959675/manifest
自驗應用良方,https://content.staatsbibliothek-berlin.de/dc/PPN334622970X/manifest
千金不易簡便良方（了因子）,https://content.staatsbibliothek-berlin.de/dc/PPN3346229726/manifest
搜集神效方（叔文）,https://content.staatsbibliothek-berlin.de/dc/PPN3346229742/manifest
良方集錦,https://content.staatsbibliothek-berlin.de/dc/PPN3346229769/manifest
袖珍醫方備要,https://content.staatsbibliothek-berlin.de/dc/PPN3346229785/manifest
驚症火式（謝吉康）,https://content.staatsbibliothek-berlin.de/dc/PPN3346229858/manifest
幼科推拿秘書（駱如龍）,https://content.staatsbibliothek-berlin.de/dc/PPN3346229874/manifest
小兒察症,https://content.staatsbibliothek-berlin.de/dc/PPN1688512330/manifest
廣瘟疫論,https://content.staatsbibliothek-berlin.de/dc/PPN174196248X/manifest
手抄醫書,https://content.staatsbibliothek-berlin.de/dc/PPN3346229807/manifest
華佗仙師秘傳（兆元）,https://content.staatsbibliothek-berlin.de/dc/PPN3346229890/manifest
外科遍正法,https://content.staatsbibliothek-berlin.de/dc/PPN3346229912/manifest
吳又可瘟疫論,https://content.staatsbibliothek-berlin.de/dc/PPN1741963036/manifest
[藥方雜抄]（護封）,https://content.staatsbibliothek-berlin.de/dc/PPN3346229823/manifest
濟世良方（張培之）,https://content.staatsbibliothek-berlin.de/dc/PPN334622984X/manifest
良方集要（張培之）,https://content.staatsbibliothek-berlin.de/dc/PPN3346229866/manifest
圖注脈訣辨真,https://content.staatsbibliothek-berlin.de/dc/PPN1741963591/manifest
[成方藥目],https://content.staatsbibliothek-berlin.de/dc/PPN1741963818/manifest
西藥配伍,https://content.staatsbibliothek-berlin.de/dc/PPN1679041428/manifest
秘集良方,https://content.staatsbibliothek-berlin.de/dc/PPN1741964032/manifest
[醫方集抄]（唐廷光）,https://content.staatsbibliothek-berlin.de/dc/PPN3346229882/manifest
痘科秘訣,https://content.staatsbibliothek-berlin.de/dc/PPN1741964172/manifest
外科金鑒,https://content.staatsbibliothek-berlin.de/dc/PPN1678623512/manifest
[醫藥綜合],https://content.staatsbibliothek-berlin.de/dc/PPN1678658413/manifest
婦人全書兼行走瘟疫全覽（鄒芹）,https://content.staatsbibliothek-berlin.de/dc/PPN3346229939/manifest
痘疹（謝吉康）,https://content.staatsbibliothek-berlin.de/dc/PPN3346229955/manifest
良方集要（張培之）,https://content.staatsbibliothek-berlin.de/dc/PPN3346229904/manifest
經驗良方,https://content.staatsbibliothek-berlin.de/dc/PPN3346229920/manifest
辨證奇聞（陳士鐸）,https://content.staatsbibliothek-berlin.de/dc/PPN3346229971/manifest
醫宗金鑒[幼科種痘心法],https://content.staatsbibliothek-berlin.de/dc/PPN1759163732/manifest
脈法,https://content.staatsbibliothek-berlin.de/dc/PPN1741964326/manifest
[喉科書],https://content.staatsbibliothek-berlin.de/dc/PPN3346229998/manifest
脈訣,https://content.staatsbibliothek-berlin.de/dc/PPN1741964482/manifest
[穴法全圖],https://content.staatsbibliothek-berlin.de/dc/PPN3346230015/manifest
雜選配本（邵玉德）,https://content.staatsbibliothek-berlin.de/dc/PPN3346229947/manifest
諸方雜抄,https://content.staatsbibliothek-berlin.de/dc/PPN3346230031/manifest
[兒科雜抄],https://content.staatsbibliothek-berlin.de/dc/PPN1741965039/manifest
祝由科,https://content.staatsbibliothek-berlin.de/dc/PPN3346230058/manifest
全藥書,https://content.staatsbibliothek-berlin.de/dc/PPN3346229963/manifest
脈學輯要（丹波元簡）,https://content.staatsbibliothek-berlin.de/dc/PPN1741965217/manifest
內經運氣病釋,https://content.staatsbibliothek-berlin.de/dc/PPN1741965519/manifest
硃批葉天士臨證指南幼科集要,https://content.staatsbibliothek-berlin.de/dc/PPN3346230074/manifest
萬氏秘傳片玉心書,https://content.staatsbibliothek-berlin.de/dc/PPN1741965748/manifest
傷寒科幷小兒科,https://content.staatsbibliothek-berlin.de/dc/PPN1741965853/manifest
脈訣秘傳,https://content.staatsbibliothek-berlin.de/dc/PPN1741966035/manifest
藥會圖,https://content.staatsbibliothek-berlin.de/dc/PPN3343670812/manifest
抄錄諸病藥方（陳復正）,https://content.staatsbibliothek-berlin.de/dc/PPN334622998X/manifest
[痔漏治法],https://content.staatsbibliothek-berlin.de/dc/PPN3346230090/manifest
應驗良方（宋名揚）,https://content.staatsbibliothek-berlin.de/dc/PPN3346230007/manifest
珍珠對症叙,https://content.staatsbibliothek-berlin.de/dc/PPN1741967376/manifest
藥王寶卷,https://content.staatsbibliothek-berlin.de/dc/PPN3343670863/manifest
女丹集要（圓空）,https://content.staatsbibliothek-berlin.de/dc/PPN3346230112/manifest
圖本小兒科金鑒,https://content.staatsbibliothek-berlin.de/dc/PPN1741967503/manifest
烏金丸松煙丹黑神丸,https://content.staatsbibliothek-berlin.de/dc/PPN1741967732/manifest
度生妙訣,https://content.staatsbibliothek-berlin.de/dc/PPN3346230023/manifest
祖傳秘方,https://content.staatsbibliothek-berlin.de/dc/PPN334623004X/manifest
[醫方抄],https://content.staatsbibliothek-berlin.de/dc/PPN3346230066/manifest
驗方輯要（丁仁卿）,https://content.staatsbibliothek-berlin.de/dc/PPN3346230082/manifest
藥方抄本,https://content.staatsbibliothek-berlin.de/dc/PPN3346230104/manifest
草木春秋,https://content.staatsbibliothek-berlin.de/dc/PPN3343670839/manifest
外科心法要訣.疽圖,https://content.staatsbibliothek-berlin.de/dc/PPN1678662925/manifest
眼科百問,https://content.staatsbibliothek-berlin.de/dc/PPN1741967856/manifest
針灸科,https://content.staatsbibliothek-berlin.de/dc/PPN1741967910/manifest
醫方抄稿,https://content.staatsbibliothek-berlin.de/dc/PPN3346230120/manifest
脈說,https://content.staatsbibliothek-berlin.de/dc/PPN1741967996/manifest
秘傳喉科,https://content.staatsbibliothek-berlin.de/dc/PPN1741968089/manifest
濟世秘訣,https://content.staatsbibliothek-berlin.de/dc/PPN3346230147/manifest
脈訣精選,https://content.staatsbibliothek-berlin.de/dc/PPN1741968178/manifest
摘錄推拿秘本（[駱如龍]）,https://content.staatsbibliothek-berlin.de/dc/PPN3346230139/manifest
產後秘書,https://content.staatsbibliothek-berlin.de/dc/PPN1741968240/manifest
四言藥性,https://content.staatsbibliothek-berlin.de/dc/PPN174196833X/manifest
痘疹心法要訣,https://content.staatsbibliothek-berlin.de/dc/PPN1741968380/manifest
用藥治症捷要歌括,https://content.staatsbibliothek-berlin.de/dc/PPN1741968445/manifest
經穴指南,https://content.staatsbibliothek-berlin.de/dc/PPN1741968488/manifest
秘傳跌打鈸方（姚仰三）,https://content.staatsbibliothek-berlin.de/dc/PPN3346230155/manifest
外科正宗,https://content.staatsbibliothek-berlin.de/dc/PPN1931126992/manifest
[外科圖說及醫方],https://content.staatsbibliothek-berlin.de/dc/PPN1741968909/manifest
醫宗金鑒.四診心法要訣,https://content.staatsbibliothek-berlin.de/dc/PPN1741968933/manifest
女科要旨,https://content.staatsbibliothek-berlin.de/dc/PPN1741968968/manifest
醫學從衆錄,https://content.staatsbibliothek-berlin.de/dc/PPN1741968992/manifest
藥書（田蔭階）,https://content.staatsbibliothek-berlin.de/dc/PPN3346230163/manifest
小兒總論,https://content.staatsbibliothek-berlin.de/dc/PPN1741969042/manifest
脈理彚纂,https://content.staatsbibliothek-berlin.de/dc/PPN1741969085/manifest
[藥方抄本],https://content.staatsbibliothek-berlin.de/dc/PPN334623018X/manifest
保嬰指南,https://content.staatsbibliothek-berlin.de/dc/PPN3346230171/manifest
胎産指南,https://content.staatsbibliothek-berlin.de/dc/PPN174196914X/manifest
驗方集要（李）,https://content.staatsbibliothek-berlin.de/dc/PPN3346230201/manifest
眼科神效錄,https://content.staatsbibliothek-berlin.de/dc/PPN1741969174/manifest
經驗藥方雜錄（永善堂）,https://content.staatsbibliothek-berlin.de/dc/PPN3346230228/manifest
藥性賦,https://content.staatsbibliothek-berlin.de/dc/PPN1741969212/manifest
濟世良方（張培之）,https://content.staatsbibliothek-berlin.de/dc/PPN3346230244/manifest
推拿小兒科（周于藩）,https://content.staatsbibliothek-berlin.de/dc/PPN3346230198/manifest
徐謙光推拿全集,https://content.staatsbibliothek-berlin.de/dc/PPN334623021X/manifest
推拿纂正（周于藩）,https://content.staatsbibliothek-berlin.de/dc/PPN3346230236/manifest
膏丹丸散,https://content.staatsbibliothek-berlin.de/dc/PPN1931130574/manifest
叔和脈訣.診法捷要,https://content.staatsbibliothek-berlin.de/dc/PPN1741969239/manifest
方藥歌訣,https://content.staatsbibliothek-berlin.de/dc/PPN1749420864/manifest
診視精言,https://content.staatsbibliothek-berlin.de/dc/PPN1749465809/manifest
兒科摘抄,https://content.staatsbibliothek-berlin.de/dc/PPN1749466783/manifest
世傳醫方雜抄,https://content.staatsbibliothek-berlin.de/dc/PPN3346230260/manifest
摘錄四聖心源,https://content.staatsbibliothek-berlin.de/dc/PPN1749469944/manifest
金丹四百字內外注解,https://content.staatsbibliothek-berlin.de/dc/PPN1749471280/manifest
喉科指掌,https://content.staatsbibliothek-berlin.de/dc/PPN1749472279/manifest
神仙靈丹,https://content.staatsbibliothek-berlin.de/dc/PPN3346230287/manifest
家用醫藥雜抄（銘山）,https://content.staatsbibliothek-berlin.de/dc/PPN3346230309/manifest
方藥抄本,https://content.staatsbibliothek-berlin.de/dc/PPN174947297X/manifest
中國新聞指導全書,https://content.staatsbibliothek-berlin.de/dc/PPN1749474131/manifest
周易內秘丁甲大法,https://content.staatsbibliothek-berlin.de/dc/PPN1749474859/manifest
瘟疫論,https://content.staatsbibliothek-berlin.de/dc/PPN1749475472/manifest
[朝鮮族醫方抄本]（耿振永）,https://content.staatsbibliothek-berlin.de/dc/PPN3346230252/manifest
藥物雜抄,https://content.staatsbibliothek-berlin.de/dc/PPN1749476282/manifest
揀選眼目諸症之妙方,https://content.staatsbibliothek-berlin.de/dc/PPN1749476703/manifest
節抄本草備要,https://content.staatsbibliothek-berlin.de/dc/PPN1931133948/manifest
瀕湖脈學,https://content.staatsbibliothek-berlin.de/dc/PPN174947705X/manifest
產後藥方,https://content.staatsbibliothek-berlin.de/dc/PPN1750559617/manifest
外科正宗,https://content.staatsbibliothek-berlin.de/dc/PPN1751732924/manifest
药方手抄本（文華）,https://content.staatsbibliothek-berlin.de/dc/PPN3346230325/manifest
集驗推拿全書（周于藩）,https://content.staatsbibliothek-berlin.de/dc/PPN3346230279/manifest
家藏奇方（□德□）,https://content.staatsbibliothek-berlin.de/dc/PPN3346230341/manifest
脈理摘要,https://content.staatsbibliothek-berlin.de/dc/PPN1751734366/manifest
回生集（陳傑）,https://content.staatsbibliothek-berlin.de/dc/PPN3346230368/manifest
驗方記擇（北田慶）,https://content.staatsbibliothek-berlin.de/dc/PPN3346230384/manifest
[家藏醫藥抄本]（壹□松）,https://content.staatsbibliothek-berlin.de/dc/PPN3346230406/manifest
針灸彙抄,https://content.staatsbibliothek-berlin.de/dc/PPN1751835324/manifest
[藥方抄]（和栩昌）,https://content.staatsbibliothek-berlin.de/dc/PPN3346230422/manifest
[藥方雜抄],https://content.staatsbibliothek-berlin.de/dc/PPN3343670898/manifest
增補湯散方（曹仲麟）,https://content.staatsbibliothek-berlin.de/dc/PPN3346230449/manifest
[醫方抄本],https://content.staatsbibliothek-berlin.de/dc/PPN3346230465/manifest
眼科方書,https://content.staatsbibliothek-berlin.de/dc/PPN1751835731/manifest
針灸彙集,https://content.staatsbibliothek-berlin.de/dc/PPN1751835774/manifest
藥及方雜抄,https://content.staatsbibliothek-berlin.de/dc/PPN175183588X/manifest
醫宗婦科,https://content.staatsbibliothek-berlin.de/dc/PPN3362390056/manifest
眼科入門（馬化龍）,https://content.staatsbibliothek-berlin.de/dc/PPN3362390072/manifest
[藥目帳本],https://content.staatsbibliothek-berlin.de/dc/PPN3346230295/manifest
[翻證治法],https://content.staatsbibliothek-berlin.de/dc/PPN3346230317/manifest
雜方（朱敬臣）,https://content.staatsbibliothek-berlin.de/dc/PPN3346230481/manifest
下部疝氣,https://content.staatsbibliothek-berlin.de/dc/PPN3346230503/manifest
勞病勞瘵,https://content.staatsbibliothek-berlin.de/dc/PPN334623052X/manifest
硬傷驗方,https://content.staatsbibliothek-berlin.de/dc/PPN3346230546/manifest
[藥方],https://content.staatsbibliothek-berlin.de/dc/PPN3346230562/manifest
多見而識之,https://content.staatsbibliothek-berlin.de/dc/PPN3348761107/manifest
內外科救人良方（張）,https://content.staatsbibliothek-berlin.de/dc/PPN3346230589/manifest
醫藥雜抄,https://content.staatsbibliothek-berlin.de/dc/PPN1751835944/manifest
眼科.附疔毒外科,https://content.staatsbibliothek-berlin.de/dc/PPN1751836142/manifest
咽喉秘集（吳氏）,https://content.staatsbibliothek-berlin.de/dc/PPN3346230333/manifest
經驗良方,https://content.staatsbibliothek-berlin.de/dc/PPN3346230600/manifest
[醫方歌訣],https://content.staatsbibliothek-berlin.de/dc/PPN3346230627/manifest
藥性跌打損傷,https://content.staatsbibliothek-berlin.de/dc/PPN1751836231/manifest
藥方目錄,https://content.staatsbibliothek-berlin.de/dc/PPN1688542221/manifest
[成藥方抄],https://content.staatsbibliothek-berlin.de/dc/PPN3346230643/manifest
四言藥性,https://content.staatsbibliothek-berlin.de/dc/PPN1751836290/manifest
醫方便用（劉成章）,https://content.staatsbibliothek-berlin.de/dc/PPN334623066X/manifest
[民間藥方],https://content.staatsbibliothek-berlin.de/dc/PPN3346230686/manifest
痘疹定論,https://content.staatsbibliothek-berlin.de/dc/PPN1752071883/manifest
婦科幼科雜抄,https://content.staatsbibliothek-berlin.de/dc/PPN1800692978/manifest
祖傳秘方,https://content.staatsbibliothek-berlin.de/dc/PPN1752073630/manifest
藥性摘要,https://content.staatsbibliothek-berlin.de/dc/PPN1752074262/manifest
外科正宗,https://content.staatsbibliothek-berlin.de/dc/PPN1752077164/manifest
分經藥性賦（潘宗元）,https://content.staatsbibliothek-berlin.de/dc/PPN334623035X/manifest
分經藥性,https://content.staatsbibliothek-berlin.de/dc/PPN1752077830/manifest
[時病治法],https://content.staatsbibliothek-berlin.de/dc/PPN3346230376/manifest
醫理集抄,https://content.staatsbibliothek-berlin.de/dc/PPN1752078845/manifest
喉科指掌,https://content.staatsbibliothek-berlin.de/dc/PPN1752081730/manifest
集腋良方,https://content.staatsbibliothek-berlin.de/dc/PPN3346230708/manifest
丸散膏丹,https://content.staatsbibliothek-berlin.de/dc/PPN1752081803/manifest
[家抄藥方]（張廷弼）,https://content.staatsbibliothek-berlin.de/dc/PPN3346230724/manifest
熱病家本驗方,https://content.staatsbibliothek-berlin.de/dc/PPN3346230392/manifest
藥性歌括,https://content.staatsbibliothek-berlin.de/dc/PPN1752081862/manifest
經穴名稱,https://content.staatsbibliothek-berlin.de/dc/PPN1752081943/manifest
[藥方雜抄]（劉銀漢）,https://content.staatsbibliothek-berlin.de/dc/PPN3346230740/manifest
簡便奇方,https://content.staatsbibliothek-berlin.de/dc/PPN3346230767/manifest
醫宗金鑒.雜病心法要訣,https://content.staatsbibliothek-berlin.de/dc/PPN1752082001/manifest
總記錄（筱泉）,https://content.staatsbibliothek-berlin.de/dc/PPN3346230783/manifest
瀕湖脈學,https://content.staatsbibliothek-berlin.de/dc/PPN1752082087/manifest
祖傳秘方,https://content.staatsbibliothek-berlin.de/dc/PPN3346230805/manifest
脈藥雜抄,https://content.staatsbibliothek-berlin.de/dc/PPN175208215X/manifest
彙集良方,https://content.staatsbibliothek-berlin.de/dc/PPN3346230821/manifest
醫林改錯方,https://content.staatsbibliothek-berlin.de/dc/PPN1769379584/manifest
李東垣先生藥性賦,https://content.staatsbibliothek-berlin.de/dc/PPN1688507884/manifest
良方集要（張培之）,https://content.staatsbibliothek-berlin.de/dc/PPN3346230848/manifest
竹林寺女科秘方,https://content.staatsbibliothek-berlin.de/dc/PPN3346230414/manifest
女科指掌,https://content.staatsbibliothek-berlin.de/dc/PPN1769382534/manifest
秘方手抄,https://content.staatsbibliothek-berlin.de/dc/PPN1769383077/manifest
本草,https://content.staatsbibliothek-berlin.de/dc/PPN1769388850/manifest
秘授外科錦（槐安堂）,https://content.staatsbibliothek-berlin.de/dc/PPN3346230430/manifest
綱目單方,https://content.staatsbibliothek-berlin.de/dc/PPN1769391509/manifest
醫宗金鑒.痘疹心法要訣,https://content.staatsbibliothek-berlin.de/dc/PPN1759165360/manifest
傷寒指掌,https://content.staatsbibliothek-berlin.de/dc/PPN1769392114/manifest
外科集要（孫氏）,https://content.staatsbibliothek-berlin.de/dc/PPN3346230457/manifest
咒曰佛位本,https://content.staatsbibliothek-berlin.de/dc/PPN1769392807/manifest
道法積中（鎮洞貞人）,https://content.staatsbibliothek-berlin.de/dc/PPN3346230473/manifest
圖注脈訣辨真,https://content.staatsbibliothek-berlin.de/dc/PPN176939351X/manifest
傷寒諸症治方抄,https://content.staatsbibliothek-berlin.de/dc/PPN1769393986/manifest
[藥方抄本]（李善齋）,https://content.staatsbibliothek-berlin.de/dc/PPN3346230864/manifest
雜治湯藥（張杏園）,https://content.staatsbibliothek-berlin.de/dc/PPN3346230880/manifest
抄錄應驗良方（張杏園）,https://content.staatsbibliothek-berlin.de/dc/PPN3346230902/manifest
符咒抄本,https://content.staatsbibliothek-berlin.de/dc/PPN1769394370/manifest
醫方抄,https://content.staatsbibliothek-berlin.de/dc/PPN1769394737/manifest
方歌抄本,https://content.staatsbibliothek-berlin.de/dc/PPN1788906101/manifest
贊卿記藥性,https://content.staatsbibliothek-berlin.de/dc/PPN1788920406/manifest
[方脈雜抄],https://content.staatsbibliothek-berlin.de/dc/PPN3346230929/manifest
[鈴醫手册],https://content.staatsbibliothek-berlin.de/dc/PPN3362390064/manifest
[藥方抄本],https://content.staatsbibliothek-berlin.de/dc/PPN3346230945/manifest
[醫方卷子之一],https://content.staatsbibliothek-berlin.de/dc/PPN3346230961/manifest
[醫方卷子之二],https://content.staatsbibliothek-berlin.de/dc/PPN3346230988/manifest
[醫方卷子之三],https://content.staatsbibliothek-berlin.de/dc/PPN3346231003/manifest
[醫方卷子之四],https://content.staatsbibliothek-berlin.de/dc/PPN334623102X/manifest
[醫方卷子之五],https://content.staatsbibliothek-berlin.de/dc/PPN3346231046/manifest
[醫方卷子之六],https://content.staatsbibliothek-berlin.de/dc/PPN3346231062/manifest
[醫方卷子之七],https://content.staatsbibliothek-berlin.de/dc/PPN3346231089/manifest
我製良方（福安堂）,https://content.staatsbibliothek-berlin.de/dc/PPN3346231100/manifest
新方八陣,https://content.staatsbibliothek-berlin.de/dc/PPN1789614058/manifest
醫學筆記,https://content.staatsbibliothek-berlin.de/dc/PPN1789617553/manifest
經驗外科成方,https://content.staatsbibliothek-berlin.de/dc/PPN3346231127/manifest
集驗良方,https://content.staatsbibliothek-berlin.de/dc/PPN3346231143/manifest
[算卦書],https://content.staatsbibliothek-berlin.de/dc/PPN334623049X/manifest
藥案,https://content.staatsbibliothek-berlin.de/dc/PPN3346231151/manifest
醫方雜錄,https://content.staatsbibliothek-berlin.de/dc/PPN334623116X/manifest
丸散藥方,https://content.staatsbibliothek-berlin.de/dc/PPN1789620651/manifest
虔修諸門應症丸散膏丹（萬和堂）,https://content.staatsbibliothek-berlin.de/dc/PPN3346230511/manifest
醫藥雜抄,https://content.staatsbibliothek-berlin.de/dc/PPN1789621836/manifest
針藥論,https://content.staatsbibliothek-berlin.de/dc/PPN3346230538/manifest
丹字藥方本（孫氏）,https://content.staatsbibliothek-berlin.de/dc/PPN3346231178/manifest
丹溪心法經驗廣集良方（李文炳）,https://content.staatsbibliothek-berlin.de/dc/PPN3346231186/manifest
增補瀕湖脈學,https://content.staatsbibliothek-berlin.de/dc/PPN1789639409/manifest
丸藥書（合興堂）,https://content.staatsbibliothek-berlin.de/dc/PPN3346231194/manifest
[醫學試題]（魏致飛）,https://content.staatsbibliothek-berlin.de/dc/PPN3346230554/manifest
湯頭本,https://content.staatsbibliothek-berlin.de/dc/PPN1931024804/manifest
拾全藥案,https://content.staatsbibliothek-berlin.de/dc/PPN3346231208/manifest
祖傳秘方,https://content.staatsbibliothek-berlin.de/dc/PPN3346231216/manifest
揀選良朋彙救急要方（積善堂）,https://content.staatsbibliothek-berlin.de/dc/PPN3346231224/manifest
朱氏妙訣（朱祿）,https://content.staatsbibliothek-berlin.de/dc/PPN3346230570/manifest
中西藥方抄,https://content.staatsbibliothek-berlin.de/dc/PPN1789640296/manifest
[雜抄醫方之二],https://content.staatsbibliothek-berlin.de/dc/PPN3346231232/manifest
[雜抄醫方之一],https://content.staatsbibliothek-berlin.de/dc/PPN3346231240/manifest
[民家雜抄],https://content.staatsbibliothek-berlin.de/dc/PPN3346233049/manifest
[民間傳方雜錄],https://content.staatsbibliothek-berlin.de/dc/PPN3348761166/manifest
藥性賦,https://content.staatsbibliothek-berlin.de/dc/PPN1789640571/manifest
丸散膏丹,https://content.staatsbibliothek-berlin.de/dc/PPN1789640865/manifest
秘方本,https://content.staatsbibliothek-berlin.de/dc/PPN3346231259/manifest
[藥方]（義順恆號）,https://content.staatsbibliothek-berlin.de/dc/PPN3346231267/manifest
[婦科方抄本],https://content.staatsbibliothek-berlin.de/dc/PPN3346231275/manifest
[藥方],https://content.staatsbibliothek-berlin.de/dc/PPN3346231283/manifest
行醫要知,https://content.staatsbibliothek-berlin.de/dc/PPN1727829301/manifest
針灸大成節抄,https://content.staatsbibliothek-berlin.de/dc/PPN1799809757/manifest
女科良方,https://content.staatsbibliothek-berlin.de/dc/PPN1853567280/manifest
眼科秘授,https://content.staatsbibliothek-berlin.de/dc/PPN1853570257/manifest
[家抄醫方],https://content.staatsbibliothek-berlin.de/dc/PPN3346231291/manifest
[藥方殘本],https://content.staatsbibliothek-berlin.de/dc/PPN3346231305/manifest
四聖心源,https://content.staatsbibliothek-berlin.de/dc/PPN1853583820/manifest
神效藥方（積玉堂）,https://content.staatsbibliothek-berlin.de/dc/PPN3346231313/manifest
瀕湖脈學,https://content.staatsbibliothek-berlin.de/dc/PPN1853586331/manifest
脈學彙抄,https://content.staatsbibliothek-berlin.de/dc/PPN1853589012/manifest
四百味,https://content.staatsbibliothek-berlin.de/dc/PPN1853592358/manifest
濟陰元機輯要（阮國）,https://content.staatsbibliothek-berlin.de/dc/PPN3348761131/manifest
日見錄,https://content.staatsbibliothek-berlin.de/dc/PPN1853594822/manifest
湯頭歌訣,https://content.staatsbibliothek-berlin.de/dc/PPN1853817066/manifest
抄便用雜方,https://content.staatsbibliothek-berlin.de/dc/PPN3346231321/manifest
四聖懸樞,https://content.staatsbibliothek-berlin.de/dc/PPN1853818577/manifest
時病論（雷豐）,https://content.staatsbibliothek-berlin.de/dc/PPN3343671002/manifest
小兒推拿,https://content.staatsbibliothek-berlin.de/dc/PPN185381976X/manifest
勝金丹（湯淮）,https://content.staatsbibliothek-berlin.de/dc/PPN3343670855/manifest
約[藥]書本（采臣）,https://content.staatsbibliothek-berlin.de/dc/PPN334623133X/manifest
金鑑續歌訣,https://content.staatsbibliothek-berlin.de/dc/PPN1789065119/manifest
[藥方雜抄],https://content.staatsbibliothek-berlin.de/dc/PPN3346231348/manifest
醫書秘訣,https://content.staatsbibliothek-berlin.de/dc/PPN179983316X/manifest
醫學舉隅,https://content.staatsbibliothek-berlin.de/dc/PPN3343670804/manifest
醫亞集解,https://content.staatsbibliothek-berlin.de/dc/PPN1861159048/manifest
珍珠囊,https://content.staatsbibliothek-berlin.de/dc/PPN1861160682/manifest
眼科視證要略（黃彙陽）,https://content.staatsbibliothek-berlin.de/dc/PPN3346230619/manifest
藥方,https://content.staatsbibliothek-berlin.de/dc/PPN1861164246/manifest
藥物,https://content.staatsbibliothek-berlin.de/dc/PPN1861179146/manifest
湯頭歌訣（福壽堂）,https://content.staatsbibliothek-berlin.de/dc/PPN3346231356/manifest
痘疹定論,https://content.staatsbibliothek-berlin.de/dc/PPN1863851844/manifest
運氣.脈訣,https://content.staatsbibliothek-berlin.de/dc/PPN1863853006/manifest
藥書,https://content.staatsbibliothek-berlin.de/dc/PPN3346231364/manifest
經驗方,https://content.staatsbibliothek-berlin.de/dc/PPN3346231372/manifest
各科藥方,https://content.staatsbibliothek-berlin.de/dc/PPN3346231380/manifest
選積良方,https://content.staatsbibliothek-berlin.de/dc/PPN3346231399/manifest
壽世青囊,https://content.staatsbibliothek-berlin.de/dc/PPN3346231402/manifest
秘傳千金不易神方,https://content.staatsbibliothek-berlin.de/dc/PPN3346231410/manifest
手抄醫書,https://content.staatsbibliothek-berlin.de/dc/PPN3346230635/manifest
湯頭經絡歌（汪昂）,https://content.staatsbibliothek-berlin.de/dc/PPN3346231429/manifest
[脈歌醫方合抄],https://content.staatsbibliothek-berlin.de/dc/PPN1863854347/manifest
中醫心法,https://content.staatsbibliothek-berlin.de/dc/PPN186385505X/manifest
痘疹書,https://content.staatsbibliothek-berlin.de/dc/PPN1863856293/manifest
李冠仙雜論治楊梅瘡法,https://content.staatsbibliothek-berlin.de/dc/PPN1863870792/manifest
證穴彚編,https://content.staatsbibliothek-berlin.de/dc/PPN1863871152/manifest
[諸病證治],https://content.staatsbibliothek-berlin.de/dc/PPN1863871454/manifest
授歸真方（楚目）,https://content.staatsbibliothek-berlin.de/dc/PPN3346230651/manifest
[外科十二症],https://content.staatsbibliothek-berlin.de/dc/PPN1863872094/manifest
摘錄醫林指月,https://content.staatsbibliothek-berlin.de/dc/PPN186387240X/manifest
秘傳推拿妙訣（周于蕃）,https://content.staatsbibliothek-berlin.de/dc/PPN3346230678/manifest
吳氏家藏推拿法,https://content.staatsbibliothek-berlin.de/dc/PPN3346230694/manifest
[傷寒筆記],https://content.staatsbibliothek-berlin.de/dc/PPN1863872558/manifest
良方最要,https://content.staatsbibliothek-berlin.de/dc/PPN3346231437/manifest
精選良方,https://content.staatsbibliothek-berlin.de/dc/PPN3346231445/manifest
喉症便覽（張宗良）,https://content.staatsbibliothek-berlin.de/dc/PPN3346230716/manifest
眼科闡微,https://content.staatsbibliothek-berlin.de/dc/PPN1863872787/manifest
眼科雜選,https://content.staatsbibliothek-berlin.de/dc/PPN1866724347/manifest
傷寒舌鑒,https://content.staatsbibliothek-berlin.de/dc/PPN1799835383/manifest
傷寒彚編,https://content.staatsbibliothek-berlin.de/dc/PPN186673007X/manifest
傷寒歌訣,https://content.staatsbibliothek-berlin.de/dc/PPN1799837041/manifest
傷寒論原文,https://content.staatsbibliothek-berlin.de/dc/PPN1851813578/manifest
喉科秘傳,https://content.staatsbibliothek-berlin.de/dc/PPN1799839311/manifest
咽喉十八證全書（姚新利）,https://content.staatsbibliothek-berlin.de/dc/PPN3346230732/manifest
眼科大全,https://content.staatsbibliothek-berlin.de/dc/PPN1866731033/manifest
眼科秘傳症論,https://content.staatsbibliothek-berlin.de/dc/PPN1866732676/manifest
秘传眼科髓,https://content.staatsbibliothek-berlin.de/dc/PPN3346230759/manifest
審視瑤函,https://content.staatsbibliothek-berlin.de/dc/PPN1867481162/manifest
龍樹祖師秘傳眼科七拾貳症全圖,https://content.staatsbibliothek-berlin.de/dc/PPN186748157X/manifest
醫案,https://content.staatsbibliothek-berlin.de/dc/PPN1867481944/manifest
醫案,https://content.staatsbibliothek-berlin.de/dc/PPN1867482444/manifest
醫案精要（馬）,https://content.staatsbibliothek-berlin.de/dc/PPN3346230775/manifest
[臨診醫案抄之一]（馮咏沂）,https://content.staatsbibliothek-berlin.de/dc/PPN3346230791/manifest
臨診醫案抄之三,https://content.staatsbibliothek-berlin.de/dc/PPN186813833X/manifest
何金揚先生醫案,https://content.staatsbibliothek-berlin.de/dc/PPN3346230813/manifest
名醫方案彙編,https://content.staatsbibliothek-berlin.de/dc/PPN1868139751/manifest
手到生春,https://content.staatsbibliothek-berlin.de/dc/PPN3346231453/manifest
濟世活人（劉氏）,https://content.staatsbibliothek-berlin.de/dc/PPN3346231461/manifest
濟世活人（劉氏）,https://content.staatsbibliothek-berlin.de/dc/PPN334623147X/manifest
萬病回春（劉氏）,https://content.staatsbibliothek-berlin.de/dc/PPN3346231488/manifest
"方案, 咳嗽",https://content.staatsbibliothek-berlin.de/dc/PPN1868140652/manifest
應氏外科或問,https://content.staatsbibliothek-berlin.de/dc/PPN334623083X/manifest
翁仲仁先生痘疹金鏡錄,https://content.staatsbibliothek-berlin.de/dc/PPN1799840786/manifest
百症圖說,https://content.staatsbibliothek-berlin.de/dc/PPN1799843149/manifest
醫林精萃,https://content.staatsbibliothek-berlin.de/dc/PPN1799843998/manifest
外科圖形法治（岑干*簡*）,https://content.staatsbibliothek-berlin.de/dc/PPN3346230856/manifest
背疽諸瘡虛實內外變症總論,https://content.staatsbibliothek-berlin.de/dc/PPN1868141276/manifest
祝由科大全,https://content.staatsbibliothek-berlin.de/dc/PPN1868141470/manifest
丹道秘訣,https://content.staatsbibliothek-berlin.de/dc/PPN1868141950/manifest
[召醫符式.各科符式],https://content.staatsbibliothek-berlin.de/dc/PPN3346230872/manifest
推拿秘法,https://content.staatsbibliothek-berlin.de/dc/PPN1868142167/manifest
脈法,https://content.staatsbibliothek-berlin.de/dc/PPN1868142272/manifest
診家正眼,https://content.staatsbibliothek-berlin.de/dc/PPN1868880567/manifest
四言脈訣,https://content.staatsbibliothek-berlin.de/dc/PPN1868880907/manifest
脈訣歌,https://content.staatsbibliothek-berlin.de/dc/PPN1868880966/manifest
便記應用,https://content.staatsbibliothek-berlin.de/dc/PPN1868881105/manifest
放痧針訣（嵇學溫）,https://content.staatsbibliothek-berlin.de/dc/PPN3346230899/manifest
針穴考正穴法,https://content.staatsbibliothek-berlin.de/dc/PPN1868881229/manifest
太乙神針,https://content.staatsbibliothek-berlin.de/dc/PPN1868881369/manifest
挑選針灸指要,https://content.staatsbibliothek-berlin.de/dc/PPN1799845397/manifest
稱心抄錄,https://content.staatsbibliothek-berlin.de/dc/PPN1868881512/manifest
靜心靈符,https://content.staatsbibliothek-berlin.de/dc/PPN1868881652/manifest
五釐記,https://content.staatsbibliothek-berlin.de/dc/PPN1871777666/manifest
弧角天星,https://content.staatsbibliothek-berlin.de/dc/PPN1871778530/manifest
修真圖,https://content.staatsbibliothek-berlin.de/dc/PPN3346230910/manifest
[張天師祛病符法],https://content.staatsbibliothek-berlin.de/dc/PPN3348761115/manifest
祝由神術,https://content.staatsbibliothek-berlin.de/dc/PPN3346230937/manifest
醫案抄,https://content.staatsbibliothek-berlin.de/dc/PPN1872314228/manifest
成藥方,https://content.staatsbibliothek-berlin.de/dc/PPN3346231496/manifest
臨證備要,https://content.staatsbibliothek-berlin.de/dc/PPN187231497X/manifest
[分科藥目],https://content.staatsbibliothek-berlin.de/dc/PPN334623150X/manifest
秘傳仙方（馮善義）,https://content.staatsbibliothek-berlin.de/dc/PPN3346231518/manifest
藥方雜抄,https://content.staatsbibliothek-berlin.de/dc/PPN1872315909/manifest
丸藥摘要配本（王晉升）,https://content.staatsbibliothek-berlin.de/dc/PPN3346231526/manifest
藥書（馬寅恭）,https://content.staatsbibliothek-berlin.de/dc/PPN3346231534/manifest
外科全書,https://content.staatsbibliothek-berlin.de/dc/PPN1678663883/manifest
眼科癆症（王國棟）,https://content.staatsbibliothek-berlin.de/dc/PPN3346231542/manifest
針灸圖,https://content.staatsbibliothek-berlin.de/dc/PPN1688510184/manifest
幼科摘要（王國棟）,https://content.staatsbibliothek-berlin.de/dc/PPN3346230953/manifest
小兒科,https://content.staatsbibliothek-berlin.de/dc/PPN1688510745/manifest
[診法雜抄],https://content.staatsbibliothek-berlin.de/dc/PPN1688511644/manifest
[藥方抄],https://content.staatsbibliothek-berlin.de/dc/PPN3346231550/manifest
達生編,https://content.staatsbibliothek-berlin.de/dc/PPN1872317073/manifest
[方藥抄],https://content.staatsbibliothek-berlin.de/dc/PPN3346231569/manifest
跌撲損傷,https://content.staatsbibliothek-berlin.de/dc/PPN3346231577/manifest
成方藥卷,https://content.staatsbibliothek-berlin.de/dc/PPN3343670901/manifest
藥書成方（德順堂）,https://content.staatsbibliothek-berlin.de/dc/PPN3346231585/manifest
[藥方抄本],https://content.staatsbibliothek-berlin.de/dc/PPN3346231593/manifest
選摘麻科撮要,https://content.staatsbibliothek-berlin.de/dc/PPN1851825657/manifest
牛痘新書（武榮綸）,https://content.staatsbibliothek-berlin.de/dc/PPN334623097X/manifest
秘傳瘰癧形症全科,https://content.staatsbibliothek-berlin.de/dc/PPN1879510715/manifest
種痘新書,https://content.staatsbibliothek-berlin.de/dc/PPN1872317782/manifest
小兒諸症方,https://content.staatsbibliothek-berlin.de/dc/PPN1872317871/manifest
辨證錄,https://content.staatsbibliothek-berlin.de/dc/PPN1872318096/manifest
小兒各種驚圖（夏鼎）,https://content.staatsbibliothek-berlin.de/dc/PPN3346230996/manifest
烏金丸方,https://content.staatsbibliothek-berlin.de/dc/PPN1872318355/manifest
達生要旨篇,https://content.staatsbibliothek-berlin.de/dc/PPN1872318509/manifest
傅氏女科,https://content.staatsbibliothek-berlin.de/dc/PPN1872318673/manifest
醫治良方,https://content.staatsbibliothek-berlin.de/dc/PPN1872318967/manifest
女科諸症,https://content.staatsbibliothek-berlin.de/dc/PPN3358579034/manifest
要方書,https://content.staatsbibliothek-berlin.de/dc/PPN3346231607/manifest
濟世活人書（絅齋堂）,https://content.staatsbibliothek-berlin.de/dc/PPN3346231615/manifest
烏金藥方書,https://content.staatsbibliothek-berlin.de/dc/PPN1879516365/manifest
婦科指歸,https://content.staatsbibliothek-berlin.de/dc/PPN1881477150/manifest
手抄醫書,https://content.staatsbibliothek-berlin.de/dc/PPN1879514648/manifest
婦科心法要訣摘要,https://content.staatsbibliothek-berlin.de/dc/PPN1879519070/manifest
內外二科積册,https://content.staatsbibliothek-berlin.de/dc/PPN3346231623/manifest
應驗良方,https://content.staatsbibliothek-berlin.de/dc/PPN3346231631/manifest
醫方便覽（趙錦雲）,https://content.staatsbibliothek-berlin.de/dc/PPN3343670995/manifest
大小男婦雜症丹方,https://content.staatsbibliothek-berlin.de/dc/PPN334623164X/manifest
[醫方抄本],https://content.staatsbibliothek-berlin.de/dc/PPN3346231658/manifest
中醫抄本,https://content.staatsbibliothek-berlin.de/dc/PPN1879521571/manifest
湯頭歌（杜法庭）,https://content.staatsbibliothek-berlin.de/dc/PPN3346231666/manifest
[醫方類抄],https://content.staatsbibliothek-berlin.de/dc/PPN3346231674/manifest
外科入門,https://content.staatsbibliothek-berlin.de/dc/PPN1882409558/manifest
湯頭歌訣,https://content.staatsbibliothek-berlin.de/dc/PPN1879523205/manifest
應驗神方,https://content.staatsbibliothek-berlin.de/dc/PPN3346231682/manifest
千金方衍義,https://content.staatsbibliothek-berlin.de/dc/PPN1879533545/manifest
[藥目抄本],https://content.staatsbibliothek-berlin.de/dc/PPN3346231690/manifest
藥書算盤雜選,https://content.staatsbibliothek-berlin.de/dc/PPN3346231704/manifest
女科,https://content.staatsbibliothek-berlin.de/dc/PPN1879534975/manifest
丹方秘要,https://content.staatsbibliothek-berlin.de/dc/PPN3346231712/manifest
內外科,https://content.staatsbibliothek-berlin.de/dc/PPN3346231720/manifest
[藥方],https://content.staatsbibliothek-berlin.de/dc/PPN3346231739/manifest
世傳藥方（薑篤信堂）,https://content.staatsbibliothek-berlin.de/dc/PPN3346231747/manifest
雷真君起死回生方,https://content.staatsbibliothek-berlin.de/dc/PPN187953696X/manifest
海上仙方,https://content.staatsbibliothek-berlin.de/dc/PPN3346231755/manifest
藥書防,https://content.staatsbibliothek-berlin.de/dc/PPN334367088X/manifest
神丹,https://content.staatsbibliothek-berlin.de/dc/PPN3346231763/manifest
雜病官方（大德堂）,https://content.staatsbibliothek-berlin.de/dc/PPN3346231771/manifest
成藥方,https://content.staatsbibliothek-berlin.de/dc/PPN1879537893/manifest
痢疾藥方抄,https://content.staatsbibliothek-berlin.de/dc/PPN334623178X/manifest
[藥方抄],https://content.staatsbibliothek-berlin.de/dc/PPN3346231798/manifest
謄抄揀驗方書,https://content.staatsbibliothek-berlin.de/dc/PPN3346231801/manifest
針邪秘要. 藥方,https://content.staatsbibliothek-berlin.de/dc/PPN1879910152/manifest
醫藥筆記,https://content.staatsbibliothek-berlin.de/dc/PPN1879910853/manifest
[醫書抄],https://content.staatsbibliothek-berlin.de/dc/PPN334623181X/manifest
醫宗金鑒. 外科心法要訣（吳謙）,https://content.staatsbibliothek-berlin.de/dc/PPN3346231011/manifest
醫學雜抄,https://content.staatsbibliothek-berlin.de/dc/PPN1799848116/manifest
傷寒質難（祝味菊）,https://content.staatsbibliothek-berlin.de/dc/PPN3346231038/manifest
醫理秘傳,https://content.staatsbibliothek-berlin.de/dc/PPN1879911469/manifest
醫宗金鑒.編輯傷寒心法要訣,https://content.staatsbibliothek-berlin.de/dc/PPN1879912279/manifest
萬氏婦人科,https://content.staatsbibliothek-berlin.de/dc/PPN1879912961/manifest
洋蟲妙方（王晉升）,https://content.staatsbibliothek-berlin.de/dc/PPN3346231054/manifest
家傳壹宗（蔣奎）,https://content.staatsbibliothek-berlin.de/dc/PPN3346231828/manifest
醫宗金鑒.婦科心法要訣,https://content.staatsbibliothek-berlin.de/dc/PPN1881479250/manifest
大生要旨,https://content.staatsbibliothek-berlin.de/dc/PPN1881480178/manifest
針治穴法,https://content.staatsbibliothek-berlin.de/dc/PPN1881485196/manifest
幼兒科燈火驚風,https://content.staatsbibliothek-berlin.de/dc/PPN3346231070/manifest
醫宗金鑒. 雜病心法要訣,https://content.staatsbibliothek-berlin.de/dc/PPN1881485722/manifest
眼科針灸要穴圖,https://content.staatsbibliothek-berlin.de/dc/PPN1799850196/manifest
痘疹定論,https://content.staatsbibliothek-berlin.de/dc/PPN1882419022/manifest
痘疹窮源,https://content.staatsbibliothek-berlin.de/dc/PPN1882421833/manifest
活幼心法,https://content.staatsbibliothek-berlin.de/dc/PPN1882424441/manifest
痘科救劫論（李敷榮）,https://content.staatsbibliothek-berlin.de/dc/PPN3346231097/manifest
[幼科推拿]（卓溪）,https://content.staatsbibliothek-berlin.de/dc/PPN3346231119/manifest
仲景傷寒湖南秘本（張仲景）,https://content.staatsbibliothek-berlin.de/dc/PPN3346231135/manifest
洋蟲藥引,https://content.staatsbibliothek-berlin.de/dc/PPN1679043900/manifest
趙氏集要,https://content.staatsbibliothek-berlin.de/dc/PPN1882427432/manifest
兌正少婦生育雜病論,https://content.staatsbibliothek-berlin.de/dc/PPN1882430670/manifest
秘傳外科,https://content.staatsbibliothek-berlin.de/dc/PPN1882433548/manifest
外科要旨,https://content.staatsbibliothek-berlin.de/dc/PPN1678746916/manifest
痘科計日集,https://content.staatsbibliothek-berlin.de/dc/PPN188243224X/manifest
醫林改錯,https://content.staatsbibliothek-berlin.de/dc/PPN179985101X/manifest
醫書雜抄,https://content.staatsbibliothek-berlin.de/dc/PPN1882432657/manifest
外科摘要,https://content.staatsbibliothek-berlin.de/dc/PPN1759166758/manifest
醫門摘要,https://content.staatsbibliothek-berlin.de/dc/PPN1882433114/manifest
外科藥方集,https://content.staatsbibliothek-berlin.de/dc/PPN1799854183/manifest
圖像咽喉科,https://content.staatsbibliothek-berlin.de/dc/PPN188311554X/manifest
雜症醫鏡（文洽）,https://content.staatsbibliothek-berlin.de/dc/PPN3371386511/manifest
病機賦,https://content.staatsbibliothek-berlin.de/dc/PPN1883116074/manifest
張景岳新方八陣,https://content.staatsbibliothek-berlin.de/dc/PPN1883117453/manifest
眼科方治,https://content.staatsbibliothek-berlin.de/dc/PPN1799855511/manifest
麻疹秘錄,https://content.staatsbibliothek-berlin.de/dc/PPN1883118131/manifest
古今醫鑒,https://content.staatsbibliothek-berlin.de/dc/PPN1799856291/manifest
舌胎總論,https://content.staatsbibliothek-berlin.de/dc/PPN1799934721/manifest
開卷有益,https://content.staatsbibliothek-berlin.de/dc/PPN1883118441/manifest
藥性,https://content.staatsbibliothek-berlin.de/dc/PPN1883118824/manifest
訂集傳家痘疹折衷定見,https://content.staatsbibliothek-berlin.de/dc/PPN1883119154/manifest
[諸病證治]（?祖?）,https://content.staatsbibliothek-berlin.de/dc/PPN3371391779/manifest
女科秘傳,https://content.staatsbibliothek-berlin.de/dc/PPN1883119375/manifest
經穴摘要歌訣百症賦箋注合編,https://content.staatsbibliothek-berlin.de/dc/PPN1799936082/manifest
增訂醫方一盤珠,https://content.staatsbibliothek-berlin.de/dc/PPN1883119545/manifest
眼科問答,https://content.staatsbibliothek-berlin.de/dc/PPN3371386503/manifest
張三丰先生全集道言類,https://content.staatsbibliothek-berlin.de/dc/PPN1883119901/manifest
濟世藥方,https://content.staatsbibliothek-berlin.de/dc/PPN3346231836/manifest
丸散膏丹全本,https://content.staatsbibliothek-berlin.de/dc/PPN3346231844/manifest
病情提要,https://content.staatsbibliothek-berlin.de/dc/PPN1885329113/manifest
丸散本（陳海泉）,https://content.staatsbibliothek-berlin.de/dc/PPN3346231852/manifest
中醫秘方（李殿元）,https://content.staatsbibliothek-berlin.de/dc/PPN3346231860/manifest
醫方湯頭歌訣（汪昂）,https://content.staatsbibliothek-berlin.de/dc/PPN3346231879/manifest
藥方慈航丹,https://content.staatsbibliothek-berlin.de/dc/PPN1885367333/manifest
藥性賦,https://content.staatsbibliothek-berlin.de/dc/PPN188536878X/manifest
醫藥書,https://content.staatsbibliothek-berlin.de/dc/PPN3346231887/manifest
藥性賦. 師皇集,https://content.staatsbibliothek-berlin.de/dc/PPN1885369719/manifest
中醫入門讀物,https://content.staatsbibliothek-berlin.de/dc/PPN1799938786/manifest
傷寒諸方,https://content.staatsbibliothek-berlin.de/dc/PPN1885372922/manifest
治傷寒醫藥方,https://content.staatsbibliothek-berlin.de/dc/PPN188537660X/manifest
湯頭,https://content.staatsbibliothek-berlin.de/dc/PPN3346231895/manifest
[外科方抄]（荷富臣）,https://content.staatsbibliothek-berlin.de/dc/PPN3346231909/manifest
音本,https://content.staatsbibliothek-berlin.de/dc/PPN1885377592/manifest
總集湯頭,https://content.staatsbibliothek-berlin.de/dc/PPN1885378459/manifest
偏方（辛□□）,https://content.staatsbibliothek-berlin.de/dc/PPN3346231917/manifest
法病書（劉思孔）,https://content.staatsbibliothek-berlin.de/dc/PPN3346232913/manifest
[成都鈴醫書]（萬鎰黃）,https://content.staatsbibliothek-berlin.de/dc/PPN3348761158/manifest
[跌打藥方],https://content.staatsbibliothek-berlin.de/dc/PPN3354953578/manifest
藥物別名錄,https://content.staatsbibliothek-berlin.de/dc/PPN1889367354/manifest
本草醫方抄,https://content.staatsbibliothek-berlin.de/dc/PPN1889368113/manifest
針灸經絡彙抄,https://content.staatsbibliothek-berlin.de/dc/PPN1799939685/manifest
外科抄,https://content.staatsbibliothek-berlin.de/dc/PPN1889374989/manifest
[藥方書],https://content.staatsbibliothek-berlin.de/dc/PPN3346231925/manifest
藥方（丁湘源）,https://content.staatsbibliothek-berlin.de/dc/PPN3346231933/manifest
經驗方（張明世）,https://content.staatsbibliothek-berlin.de/dc/PPN3346231941/manifest
師授醫秘法訣[咒],https://content.staatsbibliothek-berlin.de/dc/PPN3358579050/manifest
師授醫秘法訣[訣],https://content.staatsbibliothek-berlin.de/dc/PPN3358579042/manifest
針灸擇要（楊繼洲）,https://content.staatsbibliothek-berlin.de/dc/PPN334876114X/manifest
小兒推拿秘訹（徐孝和）,https://content.staatsbibliothek-berlin.de/dc/PPN3348761077/manifest
[藥方附抄],https://content.staatsbibliothek-berlin.de/dc/PPN334623195X/manifest
時症摘錄,https://content.staatsbibliothek-berlin.de/dc/PPN1799941191/manifest
[長年醫局輯方],https://content.staatsbibliothek-berlin.de/dc/PPN1755852959/manifest
眼科秘訣,https://content.staatsbibliothek-berlin.de/dc/PPN1889376914/manifest
三拾陸舌驗症五色雜病方,https://content.staatsbibliothek-berlin.de/dc/PPN1799943453/manifest
[簡易良方]（董寶）,https://content.staatsbibliothek-berlin.de/dc/PPN3346231968/manifest
丸散本（義和謙）,https://content.staatsbibliothek-berlin.de/dc/PPN3346231976/manifest
[分門藥目],https://content.staatsbibliothek-berlin.de/dc/PPN3346231984/manifest
元號配本,https://content.staatsbibliothek-berlin.de/dc/PPN3346231992/manifest
望聞問切,https://content.staatsbibliothek-berlin.de/dc/PPN1891089617/manifest
太乙神鍼良方,https://content.staatsbibliothek-berlin.de/dc/PPN1889382213/manifest
[藥目],https://content.staatsbibliothek-berlin.de/dc/PPN334623200X/manifest
龍年三號憑帖,https://content.staatsbibliothek-berlin.de/dc/PPN3346232018/manifest
丸散處,https://content.staatsbibliothek-berlin.de/dc/PPN3346232026/manifest
家傳成方,https://content.staatsbibliothek-berlin.de/dc/PPN3346232034/manifest
仙傳白喉治法及表抉微（耐修子）,https://content.staatsbibliothek-berlin.de/dc/PPN3346232980/manifest
揀選奇效簡便良方（丁堯臣）,https://content.staatsbibliothek-berlin.de/dc/PPN3346232042/manifest
岐黃妙術,https://content.staatsbibliothek-berlin.de/dc/PPN3346232050/manifest
彜庭小兒科推拿醫術講義,https://content.staatsbibliothek-berlin.de/dc/PPN1799944670/manifest
臟腑標本藥式,https://content.staatsbibliothek-berlin.de/dc/PPN1889384135/manifest
痿症方藥講義,https://content.staatsbibliothek-berlin.de/dc/PPN1889384569/manifest
切總傷寒口訣,https://content.staatsbibliothek-berlin.de/dc/PPN1889569291/manifest
失血大法總論,https://content.staatsbibliothek-berlin.de/dc/PPN1889386162/manifest
藥方分類彙集,https://content.staatsbibliothek-berlin.de/dc/PPN3346232069/manifest
痘科書,https://content.staatsbibliothek-berlin.de/dc/PPN1889567884/manifest
[藥方抄],https://content.staatsbibliothek-berlin.de/dc/PPN3346232077/manifest
[外科方抄],https://content.staatsbibliothek-berlin.de/dc/PPN3346232085/manifest
[醫案]（古愚）,https://content.staatsbibliothek-berlin.de/dc/PPN3358708411/manifest
新著脈訣要旨,https://content.staatsbibliothek-berlin.de/dc/PPN1891092987/manifest
手抄中醫方,https://content.staatsbibliothek-berlin.de/dc/PPN1891093517/manifest
藥王誠聖,https://content.staatsbibliothek-berlin.de/dc/PPN3343670871/manifest
藥書本,https://content.staatsbibliothek-berlin.de/dc/PPN3346232093/manifest
醫學必讀,https://content.staatsbibliothek-berlin.de/dc/PPN189109386X/manifest
世補齋醫書.不謝方,https://content.staatsbibliothek-berlin.de/dc/PPN1891186337/manifest
世補齋醫書.文集,https://content.staatsbibliothek-berlin.de/dc/PPN1891225499/manifest
辨訟要言,https://content.staatsbibliothek-berlin.de/dc/PPN1891242237/manifest
樂書（謝興發）,https://content.staatsbibliothek-berlin.de/dc/PPN3371390543/manifest
九天玄女六壬內應靈卦,https://content.staatsbibliothek-berlin.de/dc/PPN1891245341/manifest
傷寒舌診,https://content.staatsbibliothek-berlin.de/dc/PPN1799945677/manifest
傷寒三十六舌彩圖,https://content.staatsbibliothek-berlin.de/dc/PPN1799950743/manifest
六經定法,https://content.staatsbibliothek-berlin.de/dc/PPN1891251236/manifest
重樓玉鑰,https://content.staatsbibliothek-berlin.de/dc/PPN1891251937/manifest
絳雪園得宜本草,https://content.staatsbibliothek-berlin.de/dc/PPN1891950096/manifest
男婦諸吊便方,https://content.staatsbibliothek-berlin.de/dc/PPN1799951715/manifest
眼科秘方,https://content.staatsbibliothek-berlin.de/dc/PPN1798292378/manifest
諸藥性并類（善述堂）,https://content.staatsbibliothek-berlin.de/dc/PPN337135296X/manifest
診家正眼,https://content.staatsbibliothek-berlin.de/dc/PPN1896612474/manifest
銀海精微,https://content.staatsbibliothek-berlin.de/dc/PPN1798296586/manifest
金陵陳世溶眼科方集,https://content.staatsbibliothek-berlin.de/dc/PPN189661521X/manifest
銀海光明,https://content.staatsbibliothek-berlin.de/dc/PPN1798294877/manifest
方劑歌訣.符咒（謝煜誠）,https://content.staatsbibliothek-berlin.de/dc/PPN3346232107/manifest
驚風雜症,https://content.staatsbibliothek-berlin.de/dc/PPN1896616038/manifest
[諸症用方],https://content.staatsbibliothek-berlin.de/dc/PPN3346232115/manifest
零方（李振芳）,https://content.staatsbibliothek-berlin.de/dc/PPN3346232123/manifest
經驗濟世良方（李振芳）,https://content.staatsbibliothek-berlin.de/dc/PPN3346232131/manifest
[成藥方]（李振芳）,https://content.staatsbibliothek-berlin.de/dc/PPN334623214X/manifest
丹散仙方.藥性賦（趙德祿）,https://content.staatsbibliothek-berlin.de/dc/PPN3346232158/manifest
[成藥抄本],https://content.staatsbibliothek-berlin.de/dc/PPN3346232166/manifest
[民間單方],https://content.staatsbibliothek-berlin.de/dc/PPN3346232174/manifest
[枕秘奇方]（吉卿）,https://content.staatsbibliothek-berlin.de/dc/PPN3346232182/manifest
醫藥書（德藥訪）,https://content.staatsbibliothek-berlin.de/dc/PPN3346232190/manifest
經驗良方大全,https://content.staatsbibliothek-berlin.de/dc/PPN1913703452/manifest
中醫手寫本三,https://content.staatsbibliothek-berlin.de/dc/PPN1896619436/manifest
中醫手寫本二,https://content.staatsbibliothek-berlin.de/dc/PPN1896620116/manifest
中醫手寫本一,https://content.staatsbibliothek-berlin.de/dc/PPN1913707008/manifest
精選藥方,https://content.staatsbibliothek-berlin.de/dc/PPN1896672132/manifest
醫藥書,https://content.staatsbibliothek-berlin.de/dc/PPN3346232204/manifest
景岳全書八陣,https://content.staatsbibliothek-berlin.de/dc/PPN1896672582/manifest
積聚良方（仁義堂）,https://content.staatsbibliothek-berlin.de/dc/PPN3346232212/manifest
藥書全部（喜慶堂）,https://content.staatsbibliothek-berlin.de/dc/PPN3346232220/manifest
醫方要略,https://content.staatsbibliothek-berlin.de/dc/PPN1896673023/manifest
新示丹砂（守真子益三氏）,https://content.staatsbibliothek-berlin.de/dc/PPN3346232239/manifest
太上老君說消殄蟲蝗五穀土地妙經三部,https://content.staatsbibliothek-berlin.de/dc/PPN1896673708/manifest
醫方合編,https://content.staatsbibliothek-berlin.de/dc/PPN3346232247/manifest
玉匣記（許真君）,https://content.staatsbibliothek-berlin.de/dc/PPN3348761085/manifest
[祝由書],https://content.staatsbibliothek-berlin.de/dc/PPN3354953500/manifest
雜字本,https://content.staatsbibliothek-berlin.de/dc/PPN1896674275/manifest
[符咒書],https://content.staatsbibliothek-berlin.de/dc/PPN189667562X/manifest
道教大和土科,https://content.staatsbibliothek-berlin.de/dc/PPN1896850235/manifest
八卦十一光,https://content.staatsbibliothek-berlin.de/dc/PPN1896850782/manifest
藥師經,https://content.staatsbibliothek-berlin.de/dc/PPN1931022097/manifest
[單方集],https://content.staatsbibliothek-berlin.de/dc/PPN3346232263/manifest
[驗方抄本],https://content.staatsbibliothek-berlin.de/dc/PPN3346232271/manifest
外科正宗,https://content.staatsbibliothek-berlin.de/dc/PPN1899632174/manifest
外科正宗,https://content.staatsbibliothek-berlin.de/dc/PPN1899633049/manifest
外科方,https://content.staatsbibliothek-berlin.de/dc/PPN1931445478/manifest
單方,https://content.staatsbibliothek-berlin.de/dc/PPN1727837932/manifest
湯頭脈訣歌,https://content.staatsbibliothek-berlin.de/dc/PPN1899633715/manifest
銀海安瀾,https://content.staatsbibliothek-berlin.de/dc/PPN1899634045/manifest
外科活人定本,https://content.staatsbibliothek-berlin.de/dc/PPN1899634584/manifest
手抄醫書,https://content.staatsbibliothek-berlin.de/dc/PPN334623228X/manifest
丸藥簿（雲錦聚藥店）,https://content.staatsbibliothek-berlin.de/dc/PPN3346232298/manifest
外科上集方,https://content.staatsbibliothek-berlin.de/dc/PPN1899634991/manifest
痘疹不求人,https://content.staatsbibliothek-berlin.de/dc/PPN1899651527/manifest
[醫方簡抄],https://content.staatsbibliothek-berlin.de/dc/PPN3346232301/manifest
驗方新編卷2-4（鮑相璈）,https://content.staatsbibliothek-berlin.de/dc/PPN334623231X/manifest
產後心法,https://content.staatsbibliothek-berlin.de/dc/PPN1899668950/manifest
痘科按症主方五十首,https://content.staatsbibliothek-berlin.de/dc/PPN1899679901/manifest
醫宗金鑒.外科心法[節抄],https://content.staatsbibliothek-berlin.de/dc/PPN1678747742/manifest
[驗方集]（倪涵初）,https://content.staatsbibliothek-berlin.de/dc/PPN3346232328/manifest
秘傳外科或問,https://content.staatsbibliothek-berlin.de/dc/PPN1899696938/manifest
新刊良朋彙集（孫偉）,https://content.staatsbibliothek-berlin.de/dc/PPN3346232336/manifest
內外科（丁會卿）,https://content.staatsbibliothek-berlin.de/dc/PPN3346232344/manifest
民間藥方,https://content.staatsbibliothek-berlin.de/dc/PPN3346232352/manifest
祖傳秘方三佰例,https://content.staatsbibliothek-berlin.de/dc/PPN3346232360/manifest
民間藥方,https://content.staatsbibliothek-berlin.de/dc/PPN1899714464/manifest
醫方抄集,https://content.staatsbibliothek-berlin.de/dc/PPN3346232379/manifest
祖傳藥方（言信）,https://content.staatsbibliothek-berlin.de/dc/PPN3346232387/manifest
小兒婦人論,https://content.staatsbibliothek-berlin.de/dc/PPN1899762221/manifest
觀音普濟丹神方,https://content.staatsbibliothek-berlin.de/dc/PPN1900539438/manifest
脈理正宗,https://content.staatsbibliothek-berlin.de/dc/PPN190054024X/manifest
[民間抄方],https://content.staatsbibliothek-berlin.de/dc/PPN3346232395/manifest
良方集要（戴屺）,https://content.staatsbibliothek-berlin.de/dc/PPN3346232409/manifest
論症,https://content.staatsbibliothek-berlin.de/dc/PPN1905254121/manifest
重訂葆壽集,https://content.staatsbibliothek-berlin.de/dc/PPN1905254660/manifest
[藥方簡抄],https://content.staatsbibliothek-berlin.de/dc/PPN3346232417/manifest
女科三十六論,https://content.staatsbibliothek-berlin.de/dc/PPN1905255071/manifest
醫按,https://content.staatsbibliothek-berlin.de/dc/PPN1905255381/manifest
驗方湯頭（李招喜）,https://content.staatsbibliothek-berlin.de/dc/PPN3346232425/manifest
醫案內貯濟世活人長壽良方,https://content.staatsbibliothek-berlin.de/dc/PPN1905255845/manifest
湯頭歌訣傷寒症（李招喜）,https://content.staatsbibliothek-berlin.de/dc/PPN3346232433/manifest
洋蟲譜序,https://content.staatsbibliothek-berlin.de/dc/PPN1905256558/manifest
手抄醫書,https://content.staatsbibliothek-berlin.de/dc/PPN1905256744/manifest
手抄醫書,https://content.staatsbibliothek-berlin.de/dc/PPN1905257023/manifest
婦產書,https://content.staatsbibliothek-berlin.de/dc/PPN1905257171/manifest
繪圖手抄醫書,https://content.staatsbibliothek-berlin.de/dc/PPN1905257600/manifest
女科經綸,https://content.staatsbibliothek-berlin.de/dc/PPN1905257805/manifest
蒙藏翻滿藥名,https://content.staatsbibliothek-berlin.de/dc/PPN1905258038/manifest
內科雜證,https://content.staatsbibliothek-berlin.de/dc/PPN190525816X/manifest
良朋彙集（孫偉）,https://content.staatsbibliothek-berlin.de/dc/PPN3346232441/manifest
四聖心源,https://content.staatsbibliothek-berlin.de/dc/PPN1905349939/manifest
四診心法要訣.藥性歌（吳謙）,https://content.staatsbibliothek-berlin.de/dc/PPN3371391760/manifest
診翼,https://content.staatsbibliothek-berlin.de/dc/PPN1905350716/manifest
本草備要,https://content.staatsbibliothek-berlin.de/dc/PPN1905351518/manifest
專治外方,https://content.staatsbibliothek-berlin.de/dc/PPN334623245X/manifest
不藥全家樂,https://content.staatsbibliothek-berlin.de/dc/PPN1905352212/manifest
針灸要選,https://content.staatsbibliothek-berlin.de/dc/PPN1905352719/manifest
痘瘡根源論,https://content.staatsbibliothek-berlin.de/dc/PPN1905353456/manifest
[民間藥方],https://content.staatsbibliothek-berlin.de/dc/PPN3346232468/manifest
藥性歌訣,https://content.staatsbibliothek-berlin.de/dc/PPN1905354118/manifest
智能療疾六十三種,https://content.staatsbibliothek-berlin.de/dc/PPN3358579069/manifest
"[算命, 賣藥書]",https://content.staatsbibliothek-berlin.de/dc/PPN1727838629/manifest
法書,https://content.staatsbibliothek-berlin.de/dc/PPN1913708306/manifest
繪圖眼科秘方,https://content.staatsbibliothek-berlin.de/dc/PPN1798297418/manifest
祝由科（尹五茂）,https://content.staatsbibliothek-berlin.de/dc/PPN3358579085/manifest
求嗣養胎保產全書,https://content.staatsbibliothek-berlin.de/dc/PPN1913710211/manifest
[脈藥方抄],https://content.staatsbibliothek-berlin.de/dc/PPN1688542906/manifest
病機賦,https://content.staatsbibliothek-berlin.de/dc/PPN1913718840/manifest
心法,https://content.staatsbibliothek-berlin.de/dc/PPN1915263204/manifest
傷寒三字經,https://content.staatsbibliothek-berlin.de/dc/PPN191526457X/manifest
痘疹,https://content.staatsbibliothek-berlin.de/dc/PPN1759167452/manifest
引痘志略,https://content.staatsbibliothek-berlin.de/dc/PPN1915265606/manifest
種痘自明,https://content.staatsbibliothek-berlin.de/dc/PPN1915269253/manifest
脈症書,https://content.staatsbibliothek-berlin.de/dc/PPN1915269687/manifest
藥方註錄,https://content.staatsbibliothek-berlin.de/dc/PPN1915269954/manifest
銀海精微,https://content.staatsbibliothek-berlin.de/dc/PPN1915270332/manifest
眼科秘書,https://content.staatsbibliothek-berlin.de/dc/PPN1798298171/manifest
[疹症]（孫安四）,https://content.staatsbibliothek-berlin.de/dc/PPN3371352978/manifest
醫宗金鑒.外科心法要訣,https://content.staatsbibliothek-berlin.de/dc/PPN1678748463/manifest
大清中醫秘方備要,https://content.staatsbibliothek-berlin.de/dc/PPN3346232476/manifest
家傳奇驗方集,https://content.staatsbibliothek-berlin.de/dc/PPN3346232484/manifest
諸品藥性歌,https://content.staatsbibliothek-berlin.de/dc/PPN1915271479/manifest
草藥藥性,https://content.staatsbibliothek-berlin.de/dc/PPN1915271797/manifest
[膏藥雜病治方],https://content.staatsbibliothek-berlin.de/dc/PPN3346232492/manifest
雜書,https://content.staatsbibliothek-berlin.de/dc/PPN3346232506/manifest
醫要便讀湯頭歌訣（胡德凝）,https://content.staatsbibliothek-berlin.de/dc/PPN3346232514/manifest
[雜症治方],https://content.staatsbibliothek-berlin.de/dc/PPN3346232522/manifest
[醫方摘精],https://content.staatsbibliothek-berlin.de/dc/PPN3346232530/manifest
醫要便讀湯頭歌訣（胡德凝）,https://content.staatsbibliothek-berlin.de/dc/PPN3346232549/manifest
雜藥彙集（程祥清）,https://content.staatsbibliothek-berlin.de/dc/PPN3346232557/manifest
祖傳藥方,https://content.staatsbibliothek-berlin.de/dc/PPN3346232565/manifest
手抄醫書,https://content.staatsbibliothek-berlin.de/dc/PPN3346232573/manifest
脈訣摘難,https://content.staatsbibliothek-berlin.de/dc/PPN1798298694/manifest
脈鏡,https://content.staatsbibliothek-berlin.de/dc/PPN1915271975/manifest
痘科集要,https://content.staatsbibliothek-berlin.de/dc/PPN1915272106/manifest
德隆藥方,https://content.staatsbibliothek-berlin.de/dc/PPN3346232581/manifest
雜方雜志,https://content.staatsbibliothek-berlin.de/dc/PPN334623259X/manifest
雜醫方集,https://content.staatsbibliothek-berlin.de/dc/PPN1818276968/manifest
診家正眼,https://content.staatsbibliothek-berlin.de/dc/PPN1924809338/manifest
雜抄醫書,https://content.staatsbibliothek-berlin.de/dc/PPN3348761123/manifest
[雜藥方],https://content.staatsbibliothek-berlin.de/dc/PPN3346232603/manifest
經驗良方（繼軒）,https://content.staatsbibliothek-berlin.de/dc/PPN3346232611/manifest
鍼灸全圖彚編,https://content.staatsbibliothek-berlin.de/dc/PPN179829902X/manifest
[藥符雜抄]（史涵）,https://content.staatsbibliothek-berlin.de/dc/PPN334623262X/manifest
醫宗金鑒.外科心法要訣,https://content.staatsbibliothek-berlin.de/dc/PPN1678748927/manifest
神效藥書（安寧堂）,https://content.staatsbibliothek-berlin.de/dc/PPN3346232638/manifest
九十九翻,https://content.staatsbibliothek-berlin.de/dc/PPN1924812193/manifest
[符錄書],https://content.staatsbibliothek-berlin.de/dc/PPN1809419425/manifest
[黑神丸方],https://content.staatsbibliothek-berlin.de/dc/PPN3346232646/manifest
醫宗金鑒.外科心法要訣,https://content.staatsbibliothek-berlin.de/dc/PPN1678749419/manifest
醫學入門雜抄,https://content.staatsbibliothek-berlin.de/dc/PPN1924814498/manifest
異授眼科增補,https://content.staatsbibliothek-berlin.de/dc/PPN1924815435/manifest
[醫方書],https://content.staatsbibliothek-berlin.de/dc/PPN3346232654/manifest
[藥方抄],https://content.staatsbibliothek-berlin.de/dc/PPN3346232662/manifest
大生要旨,https://content.staatsbibliothek-berlin.de/dc/PPN1924819597/manifest
風寒訣·傷寒訣,https://content.staatsbibliothek-berlin.de/dc/PPN1924820064/manifest
八陣方論（曾長泰）,https://content.staatsbibliothek-berlin.de/dc/PPN3346232670/manifest
脈訣,https://content.staatsbibliothek-berlin.de/dc/PPN1924820536/manifest
濟仕藥房榴桉（凌峰）,https://content.staatsbibliothek-berlin.de/dc/PPN3346232689/manifest
內外大小科總集,https://content.staatsbibliothek-berlin.de/dc/PPN1924821001/manifest
[符錄集],https://content.staatsbibliothek-berlin.de/dc/PPN1809425654/manifest
同愛堂醫案流水賬,https://content.staatsbibliothek-berlin.de/dc/PPN1858907837/manifest
嘗草軒醫案流水賬,https://content.staatsbibliothek-berlin.de/dc/PPN1839681144/manifest
誤人齋醫案流水賬,https://content.staatsbibliothek-berlin.de/dc/PPN1858908833/manifest
祝由科,https://content.staatsbibliothek-berlin.de/dc/PPN3354953535/manifest
祝由科,https://content.staatsbibliothek-berlin.de/dc/PPN3354953527/manifest
治病書,https://content.staatsbibliothek-berlin.de/dc/PPN1924821400/manifest
隨六十干支日發病書,https://content.staatsbibliothek-berlin.de/dc/PPN1924822113/manifest
針灸大成,https://content.staatsbibliothek-berlin.de/dc/PPN1924822393/manifest
痘科要集,https://content.staatsbibliothek-berlin.de/dc/PPN1798299631/manifest
[經驗方],https://content.staatsbibliothek-berlin.de/dc/PPN3346232697/manifest
符錄書,https://content.staatsbibliothek-berlin.de/dc/PPN1924822830/manifest
養生書,https://content.staatsbibliothek-berlin.de/dc/PPN1924828731/manifest
醫方雜錄,https://content.staatsbibliothek-berlin.de/dc/PPN1924884534/manifest
草木春秋（义盛堂）,https://content.staatsbibliothek-berlin.de/dc/PPN3343670847/manifest
痘疹書,https://content.staatsbibliothek-berlin.de/dc/PPN1798300265/manifest
[萬福堂藥方],https://content.staatsbibliothek-berlin.de/dc/PPN3346232700/manifest
神方仙丹,https://content.staatsbibliothek-berlin.de/dc/PPN3346232719/manifest
[日用醫方等雜抄],https://content.staatsbibliothek-berlin.de/dc/PPN3346232727/manifest
[祝由抄本],https://content.staatsbibliothek-berlin.de/dc/PPN3354953519/manifest
[藥方抄本]（王心田）,https://content.staatsbibliothek-berlin.de/dc/PPN3346232735/manifest
採藥出產指南全卷（張國忠）,https://content.staatsbibliothek-berlin.de/dc/PPN3346233030/manifest
婦科書,https://content.staatsbibliothek-berlin.de/dc/PPN192490215X/manifest
司命法懺,https://content.staatsbibliothek-berlin.de/dc/PPN1924902389/manifest
[草木春秋 · 鈴醫諸調],https://content.staatsbibliothek-berlin.de/dc/PPN3343670820/manifest
[降神靈符],https://content.staatsbibliothek-berlin.de/dc/PPN3348761093/manifest
臟腑生死順逆脈證·本草經讀,https://content.staatsbibliothek-berlin.de/dc/PPN1924902532/manifest
道書,https://content.staatsbibliothek-berlin.de/dc/PPN192490263X/manifest
立醮土地蟲蝗妙經,https://content.staatsbibliothek-berlin.de/dc/PPN1931139237/manifest
筆花醫鏡,https://content.staatsbibliothek-berlin.de/dc/PPN1931139407/manifest
診家正眼,https://content.staatsbibliothek-berlin.de/dc/PPN1798300540/manifest
[藥、符雜抄]（袁占財）,https://content.staatsbibliothek-berlin.de/dc/PPN3346232743/manifest
良方雜錄（東治山人）,https://content.staatsbibliothek-berlin.de/dc/PPN3346232751/manifest
太乙神鍼方,https://content.staatsbibliothek-berlin.de/dc/PPN1931324301/manifest
幼科鐵鏡,https://content.staatsbibliothek-berlin.de/dc/PPN1931324638/manifest
祖傳,https://content.staatsbibliothek-berlin.de/dc/PPN1931325073/manifest
祖傳,https://content.staatsbibliothek-berlin.de/dc/PPN1931325316/manifest
痘疹經驗良方,https://content.staatsbibliothek-berlin.de/dc/PPN1931325618/manifest
傷寒舌鑒,https://content.staatsbibliothek-berlin.de/dc/PPN1931325855/manifest
小兒推拿方脈活嬰秘旨全書,https://content.staatsbibliothek-berlin.de/dc/PPN1931326290/manifest
救急良方,https://content.staatsbibliothek-berlin.de/dc/PPN1931729603/manifest
肆百味,https://content.staatsbibliothek-berlin.de/dc/PPN1931466130/manifest
重校湯頭歌訣,https://content.staatsbibliothek-berlin.de/dc/PPN1931465525/manifest
跌打傷穴救治法,https://content.staatsbibliothek-berlin.de/dc/PPN1931491216/manifest
喉科指掌,https://content.staatsbibliothek-berlin.de/dc/PPN1931502897/manifest
竇太師瘡瘍經驗全書,https://content.staatsbibliothek-berlin.de/dc/PPN193173075X/manifest
藥方雜抄,https://content.staatsbibliothek-berlin.de/dc/PPN1931510628/manifest
百例藥方,https://content.staatsbibliothek-berlin.de/dc/PPN1931526141/manifest
醫學原理,https://content.staatsbibliothek-berlin.de/dc/PPN1931732574/manifest
丹臺玉案·脈診,https://content.staatsbibliothek-berlin.de/dc/PPN1931734062/manifest
幼科推拿書抄輯,https://content.staatsbibliothek-berlin.de/dc/PPN1931734518/manifest
黃帝內經靈樞註證發微,https://content.staatsbibliothek-berlin.de/dc/PPN1931737940/manifest
崑崙山總訣,https://content.staatsbibliothek-berlin.de/dc/PPN1931739633/manifest
堪輿要旨,https://content.staatsbibliothek-berlin.de/dc/PPN1945153679/manifest
使用雜方本,https://content.staatsbibliothek-berlin.de/dc/PPN1945154853/manifest
符咒汇集,https://content.staatsbibliothek-berlin.de/dc/PPN1945155574/manifest
中華新鍼灸,https://content.staatsbibliothek-berlin.de/dc/PPN194515750X/manifest
跌打穴傷,https://content.staatsbibliothek-berlin.de/dc/PPN194515926X/manifest
集驗良方,https://content.staatsbibliothek-berlin.de/dc/PPN193174078X/manifest
藥性賦指掌,https://content.staatsbibliothek-berlin.de/dc/PPN1945159804/manifest
符咒訣譜,https://content.staatsbibliothek-berlin.de/dc/PPN194516042X/manifest
治犯鎮邪,https://content.staatsbibliothek-berlin.de/dc/PPN1945161051/manifest
飲片價目總錄,https://content.staatsbibliothek-berlin.de/dc/PPN1945754249/manifest
祝由科諸符秘訣·天醫十三科治病一宗,https://content.staatsbibliothek-berlin.de/dc/PPN1945754850/manifest
範科,https://content.staatsbibliothek-berlin.de/dc/PPN1945755466/manifest
驗方聞見錄·雜証,https://content.staatsbibliothek-berlin.de/dc/PPN1945757221/manifest
天文秘旨,https://content.staatsbibliothek-berlin.de/dc/PPN1945758856/manifest
請仙禮儀,https://content.staatsbibliothek-berlin.de/dc/PPN1945759518/manifest
醫方摘錦,https://content.staatsbibliothek-berlin.de/dc/PPN1945759968/manifest
跌打損傷靈符,https://content.staatsbibliothek-berlin.de/dc/PPN1945761059/manifest
藥書成方,https://content.staatsbibliothek-berlin.de/dc/PPN194576189X/manifest
十六論圖說,https://content.staatsbibliothek-berlin.de/dc/PPN194576225X/manifest
閑觀有益,https://content.staatsbibliothek-berlin.de/dc/PPN1945762748/manifest
診脈要訣,https://content.staatsbibliothek-berlin.de/dc/PPN1945763507/manifest
傷寒病證湯頭,https://content.staatsbibliothek-berlin.de/dc/PPN1945764066/manifest
請神一宗,https://content.staatsbibliothek-berlin.de/dc/PPN1949455319/manifest
眼科節抄,https://content.staatsbibliothek-berlin.de/dc/PPN1949458083/manifest
小兒科推拿,https://content.staatsbibliothek-berlin.de/dc/PPN1949458423/manifest
三十六舌·雜方全圖,https://content.staatsbibliothek-berlin.de/dc/PPN1950025446/manifest
南極天華寶錄祝由科符篆,https://content.staatsbibliothek-berlin.de/dc/PPN3358579107/manifest
祝由十三科,https://content.staatsbibliothek-berlin.de/dc/PPN3358579093/manifest
天師神符治百病鎮百事兇,https://content.staatsbibliothek-berlin.de/dc/PPN1950029964/manifest
經驗良方,https://content.staatsbibliothek-berlin.de/dc/PPN1950030377/manifest
烏金散,https://content.staatsbibliothek-berlin.de/dc/PPN1950031810/manifest
纂圖元亨療馬集 6 卷 (存二卷)（喻本元*明*）,https://content.staatsbibliothek-berlin.de/dc/PPN3355197785/manifest
圖像水黃牛經合併大全上下卷（喻本元*明*）,https://content.staatsbibliothek-berlin.de/dc/PPN3355197793/manifest
治馬全集,https://content.staatsbibliothek-berlin.de/dc/PPN3355197807/manifest
療馬諸方彙集,https://content.staatsbibliothek-berlin.de/dc/PPN3355197815/manifest
醫馬經（于值泰）,https://content.staatsbibliothek-berlin.de/dc/PPN3355197823/manifest
騾馬驢各樣藥方（白鴻譽）,https://content.staatsbibliothek-berlin.de/dc/PPN3355197831/manifest
馬經藥書,https://content.staatsbibliothek-berlin.de/dc/PPN335519784X/manifest
安冀揀選方,https://content.staatsbibliothek-berlin.de/dc/PPN3355197858/manifest
[雜抄],https://content.staatsbibliothek-berlin.de/dc/PPN3355197866/manifest
治馬病方,https://content.staatsbibliothek-berlin.de/dc/PPN3355197874/manifest
治馬驗方集,https://content.staatsbibliothek-berlin.de/dc/PPN3355197882/manifest
騾馬全書,https://content.staatsbibliothek-berlin.de/dc/PPN3355197890/manifest
治駝馬良方,https://content.staatsbibliothek-berlin.de/dc/PPN3355197904/manifest
治馬良方,https://content.staatsbibliothek-berlin.de/dc/PPN3355197912/manifest
[治騾馬藥方],https://content.staatsbibliothek-berlin.de/dc/PPN3355197920/manifest
佛說大聖勸世真經,https://content.staatsbibliothek-berlin.de/dc/PPN3355197939/manifest
牛馬經良方（聚義永*清*）,https://content.staatsbibliothek-berlin.de/dc/PPN3355197947/manifest
〓牛雜病全書（聚義永*清*）,https://content.staatsbibliothek-berlin.de/dc/PPN3355197955/manifest
[治馬患書],https://content.staatsbibliothek-berlin.de/dc/PPN3355197963/manifest
[治馬患書],https://content.staatsbibliothek-berlin.de/dc/PPN3355197971/manifest
療馬集各種种雜症處处方抄本,https://content.staatsbibliothek-berlin.de/dc/PPN335519798X/manifest
[治馬藥方],https://content.staatsbibliothek-berlin.de/dc/PPN3355197998/manifest
暫記藥方（百發）,https://content.staatsbibliothek-berlin.de/dc/PPN3355198005/manifest
[治馬病書],https://content.staatsbibliothek-berlin.de/dc/PPN3355198013/manifest
治騾馬病偏方,https://content.staatsbibliothek-berlin.de/dc/PPN3355198021/manifest
牲口猪羊鷄猫疾病方（卧龍峰山主人）,https://content.staatsbibliothek-berlin.de/dc/PPN335519803X/manifest
騐方彙集,https://content.staatsbibliothek-berlin.de/dc/PPN3355198048/manifest
[治馬藥方],https://content.staatsbibliothek-berlin.de/dc/PPN3355198056/manifest
經騐良方,https://content.staatsbibliothek-berlin.de/dc/PPN3355198064/manifest
經騐良方（恭道）,https://content.staatsbibliothek-berlin.de/dc/PPN3355198072/manifest
治騾子傷力神方（肖佩）,https://content.staatsbibliothek-berlin.de/dc/PPN3355198080/manifest
[治馬牛醫書],https://content.staatsbibliothek-berlin.de/dc/PPN3355197777/manifest
[治馬雜抄],https://content.staatsbibliothek-berlin.de/dc/PPN3355197769/manifest
醫案 一,https://content.staatsbibliothek-berlin.de/dc/PPN3374694926/manifest
醫案 二,https://content.staatsbibliothek-berlin.de/dc/PPN3374694934/manifest
[醫龍治虎],https://content.staatsbibliothek-berlin.de/dc/PPN1818278685/manifest
