id,title,manifest
nlvnpf-0001,排歌⿰戒粦棋泊/ Bài ca răn cờ bạc,https://dzkimgs.l.u-tokyo.ac.jp/iiif/vnpf/nlvnpf/nlvnpf-0001/manifest.json
nlvnpf-0002,[白猿孫各傳]/ [Bạch Viên Tôn các truyện],https://dzkimgs.l.u-tokyo.ac.jp/iiif/vnpf/nlvnpf/nlvnpf-0002/manifest.json
nlvnpf-0003,貧女嘆/ Bần nữ thán,https://dzkimgs.l.u-tokyo.ac.jp/iiif/vnpf/nlvnpf/nlvnpf-0003/manifest.json
nlvnpf-0004,𧊉花新傳/ Bướm hoa tân truyện,https://dzkimgs.l.u-tokyo.ac.jp/iiif/vnpf/nlvnpf/nlvnpf-0004/manifest.json
nlvnpf-0006,歌籌體格/ Ca trù thể cách,https://dzkimgs.l.u-tokyo.ac.jp/iiif/vnpf/nlvnpf/nlvnpf-0006/manifest.json
nlvnpf-0007,歌籌體格/ Ca trù thể cách,https://dzkimgs.l.u-tokyo.ac.jp/iiif/vnpf/nlvnpf/nlvnpf-0007/manifest.json
nlvnpf-0008,各排喝爫母/ Các bài hát làm mẫu (mẹ),https://dzkimgs.l.u-tokyo.ac.jp/iiif/vnpf/nlvnpf/nlvnpf-0008/manifest.json
nlvnpf-0009,𢴿渡血湖嘆/ Chèo đò huyết hồ thán,https://dzkimgs.l.u-tokyo.ac.jp/iiif/vnpf/nlvnpf/nlvnpf-0009/manifest.json
nlvnpf-0010,[紙鳶賦]/ [Chỉ diên phú],https://dzkimgs.l.u-tokyo.ac.jp/iiif/vnpf/nlvnpf/nlvnpf-0010/manifest.json
nlvnpf-0011,宫怨吟/ Cung oán ngâm,https://dzkimgs.l.u-tokyo.ac.jp/iiif/vnpf/nlvnpf/nlvnpf-0011/manifest.json
nlvnpf-0012,宫怨吟曲/ Cung oán ngâm khúc,https://dzkimgs.l.u-tokyo.ac.jp/iiif/vnpf/nlvnpf/nlvnpf-0012/manifest.json
nlvnpf-0013,海陽風物曲用國音歌/ Hải Dương phong vật khúc dụng quốc âm ca,https://dzkimgs.l.u-tokyo.ac.jp/iiif/vnpf/nlvnpf/nlvnpf-0013/manifest.json
nlvnpf-0014,孝親鑑歌/ Hiếu thân giám ca,https://dzkimgs.l.u-tokyo.ac.jp/iiif/vnpf/nlvnpf/nlvnpf-0014/manifest.json
nlvnpf-0015,花情曲演音歌/ Hoa tình khúc diễn âm ca,https://dzkimgs.l.u-tokyo.ac.jp/iiif/vnpf/nlvnpf/nlvnpf-0015/manifest.json
nlvnpf-0016,皇儲傳/ Hoàng Trừu truyện,https://dzkimgs.l.u-tokyo.ac.jp/iiif/vnpf/nlvnpf/nlvnpf-0016/manifest.json
nlvnpf-0017,皇儲傳/ Hoàng Trừu truyện,https://dzkimgs.l.u-tokyo.ac.jp/iiif/vnpf/nlvnpf/nlvnpf-0017/manifest.json
nlvnpf-0018,皇儲傳/ Hoàng Trừu truyện,https://dzkimgs.l.u-tokyo.ac.jp/iiif/vnpf/nlvnpf/nlvnpf-0018/manifest.json
nlvnpf-0019,黃秀新傳/ Hoàng Tú tân truyện,https://dzkimgs.l.u-tokyo.ac.jp/iiif/vnpf/nlvnpf/nlvnpf-0019/manifest.json
nlvnpf-0020,勸 夫 歌/ Khuyến phu ca,https://dzkimgs.l.u-tokyo.ac.jp/iiif/vnpf/nlvnpf/nlvnpf-0020/manifest.json
nlvnpf-0021,金雲翹歌/ Kim Vân Kiều ca,https://dzkimgs.l.u-tokyo.ac.jp/iiif/vnpf/nlvnpf/nlvnpf-0021/manifest.json
nlvnpf-0022,金雲翹廣集傳/ Kim Vân Kiều quảng tập truyện,https://dzkimgs.l.u-tokyo.ac.jp/iiif/vnpf/nlvnpf/nlvnpf-0022/manifest.json
nlvnpf-0023,金 雲 翹 新 傳/ Kim Vân Kiều tân truyện,https://dzkimgs.l.u-tokyo.ac.jp/iiif/vnpf/nlvnpf/nlvnpf-0023/manifest.json
nlvnpf-0025,黎朝阮將公家訓歌/ Lê triều Nguyễn tướng công gia huấn ca,https://dzkimgs.l.u-tokyo.ac.jp/iiif/vnpf/nlvnpf/nlvnpf-0025/manifest.json
nlvnpf-0026,里巷歌謠/ Lý hạng ca dao,https://dzkimgs.l.u-tokyo.ac.jp/iiif/vnpf/nlvnpf/nlvnpf-0026/manifest.json
nlvnpf-0027,[柳堂阮叟真心詩賦集]/ [Liễu đường Nguyễn tẩu Chân Tâm thi phú tập],https://dzkimgs.l.u-tokyo.ac.jp/iiif/vnpf/nlvnpf/nlvnpf-0027/manifest.json
nlvnpf-0028,"劉平楊禮新傳/ Lưu Bình, Dương Lễ tân truyện",https://dzkimgs.l.u-tokyo.ac.jp/iiif/vnpf/nlvnpf/nlvnpf-0028/manifest.json
nlvnpf-0029,劉平演歌/ Lưu Bình diễn ca,https://dzkimgs.l.u-tokyo.ac.jp/iiif/vnpf/nlvnpf/nlvnpf-0029/manifest.json
nlvnpf-0031,美女貢胡/ Mỹ nữ cống Hồ,https://dzkimgs.l.u-tokyo.ac.jp/iiif/vnpf/nlvnpf/nlvnpf-0031/manifest.json
nlvnpf-0032,南音歌曲格調/ Nam âm ca khúc cách điệu,https://dzkimgs.l.u-tokyo.ac.jp/iiif/vnpf/nlvnpf/nlvnpf-0032/manifest.json
nlvnpf-0033,男女對歌/ Nam nữ đối ca,https://dzkimgs.l.u-tokyo.ac.jp/iiif/vnpf/nlvnpf/nlvnpf-0033/manifest.json
nlvnpf-0034,玉花古跡傳/ Ngọc Hoa cổ tích truyện,https://dzkimgs.l.u-tokyo.ac.jp/iiif/vnpf/nlvnpf/nlvnpf-0034/manifest.json
nlvnpf-0035,玉喬黎新傳/ Ngọc Kiều Lê tân truyện,https://dzkimgs.l.u-tokyo.ac.jp/iiif/vnpf/nlvnpf/nlvnpf-0035/manifest.json
nlvnpf-0036,月花問答/ Nguyệt Hoa vấn đáp,https://dzkimgs.l.u-tokyo.ac.jp/iiif/vnpf/nlvnpf/nlvnpf-0036/manifest.json
nlvnpf-0037,日省吟/ Nhật tỉnh ngâm,https://dzkimgs.l.u-tokyo.ac.jp/iiif/vnpf/nlvnpf/nlvnpf-0037/manifest.json
nlvnpf-0038,二度梅演歌/ Nhị độ mai diễn ca,https://dzkimgs.l.u-tokyo.ac.jp/iiif/vnpf/nlvnpf/nlvnpf-0038/manifest.json
nlvnpf-0039,[二度梅演歌]/ [Nhị độ mai diễn ca],https://dzkimgs.l.u-tokyo.ac.jp/iiif/vnpf/nlvnpf/nlvnpf-0039/manifest.json
nlvnpf-0040,儒林贈藁/ Nho lâm tặng cảo,https://dzkimgs.l.u-tokyo.ac.jp/iiif/vnpf/nlvnpf/nlvnpf-0040/manifest.json
nlvnpf-0041,女則演音/ Nữ tắc diễn âm,https://dzkimgs.l.u-tokyo.ac.jp/iiif/vnpf/nlvnpf/nlvnpf-0041/manifest.json
nlvnpf-0042,女子須知/ Nữ tử tu tri,https://dzkimgs.l.u-tokyo.ac.jp/iiif/vnpf/nlvnpf/nlvnpf-0042/manifest.json
nlvnpf-0043,范公新傳/ Phạm Công tân truyện,https://dzkimgs.l.u-tokyo.ac.jp/iiif/vnpf/nlvnpf/nlvnpf-0043/manifest.json
nlvnpf-0044,芳花新傳/ Phương Hoa tân truyện,https://dzkimgs.l.u-tokyo.ac.jp/iiif/vnpf/nlvnpf/nlvnpf-0044/manifest.json
nlvnpf-0045,[國音詩雜抄]/ [Quốc âm thi tạp sao],https://dzkimgs.l.u-tokyo.ac.jp/iiif/vnpf/nlvnpf/nlvnpf-0045/manifest.json
nlvnpf-0046,山 后 演 歌/ Sơn Hậu diễn ca,https://dzkimgs.l.u-tokyo.ac.jp/iiif/vnpf/nlvnpf/nlvnpf-0046/manifest.json
nlvnpf-0047,事 跡 翁 狀 瓊/ Sự tích ông Trạng Quỳnh,https://dzkimgs.l.u-tokyo.ac.jp/iiif/vnpf/nlvnpf/nlvnpf-0047/manifest.json
nlvnpf-0048,三元安堵詩歌/ Tam nguyên Yên Đổ thi ca,https://dzkimgs.l.u-tokyo.ac.jp/iiif/vnpf/nlvnpf/nlvnpf-0048/manifest.json
nlvnpf-0049,三元安堵詩歌/ Tam nguyên Yên Đổ thi ca,https://dzkimgs.l.u-tokyo.ac.jp/iiif/vnpf/nlvnpf/nlvnpf-0049/manifest.json
nlvnpf-0050,西遊傳/ Tây du truyện,https://dzkimgs.l.u-tokyo.ac.jp/iiif/vnpf/nlvnpf/nlvnpf-0050/manifest.json
nlvnpf-0051,石生新傳/ Thạch Sanh tân truyện,https://dzkimgs.l.u-tokyo.ac.jp/iiif/vnpf/nlvnpf/nlvnpf-0051/manifest.json
nlvnpf-0052,清化觀風/ Thanh Hoá quan phong,https://dzkimgs.l.u-tokyo.ac.jp/iiif/vnpf/nlvnpf/nlvnpf-0052/manifest.json
nlvnpf-0053,詩歌體格新舊籙/歌籌体籙/ Thi ca thể cách tân cựu lục/Ca trù thể lục,https://dzkimgs.l.u-tokyo.ac.jp/iiif/vnpf/nlvnpf/nlvnpf-0053/manifest.json
nlvnpf-0054,上岸公主合演/ Thượng ngàn công chúa hợp diễn,https://dzkimgs.l.u-tokyo.ac.jp/iiif/vnpf/nlvnpf/nlvnpf-0054/manifest.json
nlvnpf-0055,翠翹詩/ Thuý Kiều thi,https://dzkimgs.l.u-tokyo.ac.jp/iiif/vnpf/nlvnpf/nlvnpf-0055/manifest.json
nlvnpf-0056,小山后演歌/ Tiểu Sơn Hậu diễn ca,https://dzkimgs.l.u-tokyo.ac.jp/iiif/vnpf/nlvnpf/nlvnpf-0056/manifest.json
nlvnpf-0057,𪔠軍新傳/ Trống quân tân truyện,https://dzkimgs.l.u-tokyo.ac.jp/iiif/vnpf/nlvnpf/nlvnpf-0057/manifest.json
nlvnpf-0059,雲僊古跡新傳/ Vân Tiên cổ tích tân truyện,https://dzkimgs.l.u-tokyo.ac.jp/iiif/vnpf/nlvnpf/nlvnpf-0059/manifest.json
nlvnpf-0060,[春香國音詩選]/ [Xuân Hương quốc âm thi tuyển],https://dzkimgs.l.u-tokyo.ac.jp/iiif/vnpf/nlvnpf/nlvnpf-0060/manifest.json
nlvnpf-0061,春香詩集/ Xuân Hương thi tập,https://dzkimgs.l.u-tokyo.ac.jp/iiif/vnpf/nlvnpf/nlvnpf-0061/manifest.json
nlvnpf-0063,[歌籌點鼓法]/ [Ca trù điểm cổ pháp],https://dzkimgs.l.u-tokyo.ac.jp/iiif/vnpf/nlvnpf/nlvnpf-0063/manifest.json
nlvnpf-0064,征婦[吟]/ Chinh phụ [ngâm],https://dzkimgs.l.u-tokyo.ac.jp/iiif/vnpf/nlvnpf/nlvnpf-0064/manifest.json
nlvnpf-0065,夏餘閒話/ Hạ dư nhàn thoại,https://dzkimgs.l.u-tokyo.ac.jp/iiif/vnpf/nlvnpf/nlvnpf-0065/manifest.json
nlvnpf-0066,海陽風物志/ Hải Dương phong vật chí,https://dzkimgs.l.u-tokyo.ac.jp/iiif/vnpf/nlvnpf/nlvnpf-0066/manifest.json
nlvnpf-0067,蓮溪遺集/ Liên Khê di tập,https://dzkimgs.l.u-tokyo.ac.jp/iiif/vnpf/nlvnpf/nlvnpf-0067/manifest.json
nlvnpf-0068,螺湖廟詩歌訓示記錄集/ Loa Hồ miếu thi ca huấn thị ký lục tập,https://dzkimgs.l.u-tokyo.ac.jp/iiif/vnpf/nlvnpf/nlvnpf-0068/manifest.json
nlvnpf-0069,旅中吟/ Lữ trung ngâm,https://dzkimgs.l.u-tokyo.ac.jp/iiif/vnpf/nlvnpf/nlvnpf-0069/manifest.json
nlvnpf-0070,南風解嘲/ Nam phong giải trào,https://dzkimgs.l.u-tokyo.ac.jp/iiif/vnpf/nlvnpf/nlvnpf-0070/manifest.json
nlvnpf-0071,南國方言俗語備錄/ Nam quốc phương ngôn tục ngữ bị lục,https://dzkimgs.l.u-tokyo.ac.jp/iiif/vnpf/nlvnpf/nlvnpf-0071/manifest.json
nlvnpf-0072,南史略詩集/ Nam sử lược thi tập,https://dzkimgs.l.u-tokyo.ac.jp/iiif/vnpf/nlvnpf/nlvnpf-0072/manifest.json
nlvnpf-0073,柴山詩錄/ Sài Sơn thi lục,https://dzkimgs.l.u-tokyo.ac.jp/iiif/vnpf/nlvnpf/nlvnpf-0073/manifest.json
nlvnpf-0074,新編傳奇漫錄/ Tân biên truyền kỳ mạn lục,https://dzkimgs.l.u-tokyo.ac.jp/iiif/vnpf/nlvnpf/nlvnpf-0074/manifest.json
nlvnpf-0075,新訂海珠墨妙/ Tân đính Hải Châu mặc diệu,https://dzkimgs.l.u-tokyo.ac.jp/iiif/vnpf/nlvnpf/nlvnpf-0075/manifest.json
nlvnpf-0076,詩對聯類雜/ Thi đối liên loại tạp,https://dzkimgs.l.u-tokyo.ac.jp/iiif/vnpf/nlvnpf/nlvnpf-0076/manifest.json
nlvnpf-0077,全越詩卷/ Toàn Việt thi quyển,https://dzkimgs.l.u-tokyo.ac.jp/iiif/vnpf/nlvnpf/nlvnpf-0077/manifest.json
nlvnpf-0078,陳明宗詠藤江/ Trần Minh Tông vịnh Đằng Giang,https://dzkimgs.l.u-tokyo.ac.jp/iiif/vnpf/nlvnpf/nlvnpf-0078/manifest.json
nlvnpf-0079,傳奇漫錄/ Truyền kỳ mạn lục,https://dzkimgs.l.u-tokyo.ac.jp/iiif/vnpf/nlvnpf/nlvnpf-0079/manifest.json
nlvnpf-0080,掇拾雜記/ Xuyết thập tạp ký,https://dzkimgs.l.u-tokyo.ac.jp/iiif/vnpf/nlvnpf/nlvnpf-0080/manifest.json
nlvnpf-0081,白雲庵居士阮文達譜記/ Bạch Vân Am cư sĩ Nguyễn Văn Đạt phả ký,https://dzkimgs.l.u-tokyo.ac.jp/iiif/vnpf/nlvnpf/nlvnpf-0081/manifest.json
nlvnpf-0082,白雲庵先生/ Bạch Vân am tiên sinh,https://dzkimgs.l.u-tokyo.ac.jp/iiif/vnpf/nlvnpf/nlvnpf-0082/manifest.json
nlvnpf-0083,白雲庵詩集/ Bạch Vân Am thi tập,https://dzkimgs.l.u-tokyo.ac.jp/iiif/vnpf/nlvnpf/nlvnpf-0083/manifest.json
nlvnpf-0084,白雲庵詩集/ Bạch Vân Am thi tập,https://dzkimgs.l.u-tokyo.ac.jp/iiif/vnpf/nlvnpf/nlvnpf-0084/manifest.json
nlvnpf-0085,大家詩文集/ Đại gia thi văn tập,https://dzkimgs.l.u-tokyo.ac.jp/iiif/vnpf/nlvnpf/nlvnpf-0085/manifest.json
nlvnpf-0086,皇越詩選/ Hoàng Việt thi tuyển (q.01),https://dzkimgs.l.u-tokyo.ac.jp/iiif/vnpf/nlvnpf/nlvnpf-0086/manifest.json
nlvnpf-0088,金雲翹錄/ Kim Vân Kiều lục,https://dzkimgs.l.u-tokyo.ac.jp/iiif/vnpf/nlvnpf/nlvnpf-0088/manifest.json
nlvnpf-0089,了庵詩集/ Liễu Am thi tập,https://dzkimgs.l.u-tokyo.ac.jp/iiif/vnpf/nlvnpf/nlvnpf-0089/manifest.json
nlvnpf-0090,明命御製詩初集/ Minh Mệnh ngự chế thi sơ tập,https://dzkimgs.l.u-tokyo.ac.jp/iiif/vnpf/nlvnpf/nlvnpf-0090/manifest.json
nlvnpf-0091,玉堂詩集/ Ngọc Đường thi tập,https://dzkimgs.l.u-tokyo.ac.jp/iiif/vnpf/nlvnpf/nlvnpf-0091/manifest.json
nlvnpf-0094,新編傳奇漫錄/ Tân biên truyền kỳ mạn lục,https://dzkimgs.l.u-tokyo.ac.jp/iiif/vnpf/nlvnpf/nlvnpf-0094/manifest.json
nlvnpf-0095,桑滄偶錄/ Tang thương ngẫu lục,https://dzkimgs.l.u-tokyo.ac.jp/iiif/vnpf/nlvnpf/nlvnpf-0095/manifest.json
nlvnpf-0096,清化紀勝/ Thanh Hoá kỷ thắng,https://dzkimgs.l.u-tokyo.ac.jp/iiif/vnpf/nlvnpf/nlvnpf-0096/manifest.json
nlvnpf-0099,約齋文集/ Ước Trai văn tập,https://dzkimgs.l.u-tokyo.ac.jp/iiif/vnpf/nlvnpf/nlvnpf-0099/manifest.json
nlvnpf-0100,文廟十詠/ Văn Miếu thập vịnh,https://dzkimgs.l.u-tokyo.ac.jp/iiif/vnpf/nlvnpf/nlvnpf-0100/manifest.json
nlvnpf-0102,大南國史演歌/ Đại Nam quốc sử diễn ca,https://dzkimgs.l.u-tokyo.ac.jp/iiif/vnpf/nlvnpf/nlvnpf-0102/manifest.json
nlvnpf-0104,大越歷代史總論/ Đại Việt lịch đại sử tổng luận,https://dzkimgs.l.u-tokyo.ac.jp/iiif/vnpf/nlvnpf/nlvnpf-0104/manifest.json
nlvnpf-0105,大越史記捷綠總序/ Đại Việt sử ký tiệp lục tổng tự,https://dzkimgs.l.u-tokyo.ac.jp/iiif/vnpf/nlvnpf/nlvnpf-0105/manifest.json
nlvnpf-0106,大越史記捷綠總序/ Đại Việt sử ký tiệp lục tổng tự,https://dzkimgs.l.u-tokyo.ac.jp/iiif/vnpf/nlvnpf/nlvnpf-0106/manifest.json
nlvnpf-0107,東洋政治/ Đông Dương chính trị,https://dzkimgs.l.u-tokyo.ac.jp/iiif/vnpf/nlvnpf/nlvnpf-0107/manifest.json
nlvnpf-0108,皇越地輿誌/ Hoàng Việt địa dư chí,https://dzkimgs.l.u-tokyo.ac.jp/iiif/vnpf/nlvnpf/nlvnpf-0108/manifest.json
nlvnpf-0109,皇越歷代政要/ Hoàng Việt lịch đại chính yếu,https://dzkimgs.l.u-tokyo.ac.jp/iiif/vnpf/nlvnpf/nlvnpf-0109/manifest.json
nlvnpf-0110,歷朝憲章類誌/ Lịch triều hiến chương loại chí,https://dzkimgs.l.u-tokyo.ac.jp/iiif/vnpf/nlvnpf/nlvnpf-0110/manifest.json
nlvnpf-0111,南國地輿誌/ Nam quốc địa dư chí,https://dzkimgs.l.u-tokyo.ac.jp/iiif/vnpf/nlvnpf/nlvnpf-0111/manifest.json
nlvnpf-0112,南史/ Nam sử,https://dzkimgs.l.u-tokyo.ac.jp/iiif/vnpf/nlvnpf/nlvnpf-0112/manifest.json
nlvnpf-0113,議定整頓吏鄉會各社南民於北圻/ Nghị định chỉnh đốn lại hương hội các xã Nam dân ở Bắc Kì,https://dzkimgs.l.u-tokyo.ac.jp/iiif/vnpf/nlvnpf/nlvnpf-0113/manifest.json
nlvnpf-0114,法越提携政見書/ Pháp Việt đề huề chính kiến thư,https://dzkimgs.l.u-tokyo.ac.jp/iiif/vnpf/nlvnpf/nlvnpf-0114/manifest.json
nlvnpf-0115,國史纂要/南史纂要/ Quốc sử toản yếu/Nam sử toản yếu,https://dzkimgs.l.u-tokyo.ac.jp/iiif/vnpf/nlvnpf/nlvnpf-0115/manifest.json
nlvnpf-0116,越鑑通考/ Việt giám thông khảo,https://dzkimgs.l.u-tokyo.ac.jp/iiif/vnpf/nlvnpf/nlvnpf-0116/manifest.json
nlvnpf-0118,越史鏡/ Việt sử kính,https://dzkimgs.l.u-tokyo.ac.jp/iiif/vnpf/nlvnpf/nlvnpf-0118/manifest.json
nlvnpf-0121,妙法蓮華經/ Diệu pháp liên hoa kinh,https://dzkimgs.l.u-tokyo.ac.jp/iiif/vnpf/nlvnpf/nlvnpf-0121/manifest.json
nlvnpf-0122,陰隲解音/ Âm chất giải âm,https://dzkimgs.l.u-tokyo.ac.jp/iiif/vnpf/nlvnpf/nlvnpf-0122/manifest.json
nlvnpf-0123,本善經/ Bản thiện kinh,https://dzkimgs.l.u-tokyo.ac.jp/iiif/vnpf/nlvnpf/nlvnpf-0123/manifest.json
nlvnpf-0125,歌籌体格/ Ca Trù thể cách,https://dzkimgs.l.u-tokyo.ac.jp/iiif/vnpf/nlvnpf/nlvnpf-0125/manifest.json
nlvnpf-0126,感悟吟/ Cảm ngộ ngâm,https://dzkimgs.l.u-tokyo.ac.jp/iiif/vnpf/nlvnpf/nlvnpf-0126/manifest.json
nlvnpf-0127,高王觀世音經/ Cao Vương Quan Thế Âm kinh,https://dzkimgs.l.u-tokyo.ac.jp/iiif/vnpf/nlvnpf/nlvnpf-0127/manifest.json
nlvnpf-0128,周易類編/ Chu Dịch loại biên,https://dzkimgs.l.u-tokyo.ac.jp/iiif/vnpf/nlvnpf/nlvnpf-0128/manifest.json
nlvnpf-0129,鑄魂爐國音真經/ Chú hồn lư quốc âm chân kinh,https://dzkimgs.l.u-tokyo.ac.jp/iiif/vnpf/nlvnpf/nlvnpf-0129/manifest.json
nlvnpf-0132,救劫皇經/ Cứu kiếp hoàng kinh,https://dzkimgs.l.u-tokyo.ac.jp/iiif/vnpf/nlvnpf/nlvnpf-0132/manifest.json
nlvnpf-0133,救世靈經/ Cứu thế linh kinh,https://dzkimgs.l.u-tokyo.ac.jp/iiif/vnpf/nlvnpf/nlvnpf-0133/manifest.json
nlvnpf-0134,大南保大八年歲次癸酉協紀曆/ Đại Nam Bảo Đại bát niên tuế thứ Quý Dậu hiệp kỷ lịch,https://dzkimgs.l.u-tokyo.ac.jp/iiif/vnpf/nlvnpf/nlvnpf-0134/manifest.json
nlvnpf-0135,大南保大十九年歲次甲申協紀曆/ Đại Nam Bảo Đại thập cửu niên tuế thứ Giáp Thân hiệp kỷ lịch,https://dzkimgs.l.u-tokyo.ac.jp/iiif/vnpf/nlvnpf/nlvnpf-0135/manifest.json
nlvnpf-0136,大南保大十七年歲次壬午協紀曆/ Đại Nam Bảo Đại thập thất niên tuế thứ Nhâm Ngọ hiệp kỷ lịch,https://dzkimgs.l.u-tokyo.ac.jp/iiif/vnpf/nlvnpf/nlvnpf-0136/manifest.json
nlvnpf-0141,大南國史演歌/ Đại Nam quốc sử diễn ca,https://dzkimgs.l.u-tokyo.ac.jp/iiif/vnpf/nlvnpf/nlvnpf-0141/manifest.json
nlvnpf-0146,登科錄搜講/ Đăng khoa lục sưu giảng,https://dzkimgs.l.u-tokyo.ac.jp/iiif/vnpf/nlvnpf/nlvnpf-0146/manifest.json
nlvnpf-0147,瑤池王母消刼救世寶懺全部/ Dao trì Vương mẫu tiêu kiếp cứu thế bảo sám toàn bộ,https://dzkimgs.l.u-tokyo.ac.jp/iiif/vnpf/nlvnpf/nlvnpf-0147/manifest.json
nlvnpf-0148,弥陀因菓正經演音/ Di đà nhân quả chính kinh diễn âm,https://dzkimgs.l.u-tokyo.ac.jp/iiif/vnpf/nlvnpf/nlvnpf-0148/manifest.json
nlvnpf-0149,地志類/ Địa chí loại,https://dzkimgs.l.u-tokyo.ac.jp/iiif/vnpf/nlvnpf/nlvnpf-0149/manifest.json
nlvnpf-0150,地理家傳/ Địa lý gia truyền,https://dzkimgs.l.u-tokyo.ac.jp/iiif/vnpf/nlvnpf/nlvnpf-0150/manifest.json
nlvnpf-0151,地理篡要原派真傳/ Địa lí toản yếu nguyên phái chân truyền,https://dzkimgs.l.u-tokyo.ac.jp/iiif/vnpf/nlvnpf/nlvnpf-0151/manifest.json
nlvnpf-0152,地母真經/ Địa mẫu chân kinh,https://dzkimgs.l.u-tokyo.ac.jp/iiif/vnpf/nlvnpf/nlvnpf-0152/manifest.json
nlvnpf-0154,段族譜/ Đoàn tộc phả,https://dzkimgs.l.u-tokyo.ac.jp/iiif/vnpf/nlvnpf/nlvnpf-0154/manifest.json
nlvnpf-0155,東稠段族譜/ Đông Trù Đoàn tộc phả,https://dzkimgs.l.u-tokyo.ac.jp/iiif/vnpf/nlvnpf/nlvnpf-0155/manifest.json
nlvnpf-0157,閲憑日記/ Duyệt bằng nhật kí - Thành thái ( 1897),https://dzkimgs.l.u-tokyo.ac.jp/iiif/vnpf/nlvnpf/nlvnpf-0157/manifest.json
nlvnpf-0158,閲憑日記/ Duyệt bằng nhật kí - Thành thái ( 1905),https://dzkimgs.l.u-tokyo.ac.jp/iiif/vnpf/nlvnpf/nlvnpf-0158/manifest.json
nlvnpf-0159,海上珠玉格言/ Hải Thượng châu ngọc cách ngôn,https://dzkimgs.l.u-tokyo.ac.jp/iiif/vnpf/nlvnpf/nlvnpf-0159/manifest.json
nlvnpf-0160,海上大成懶翁集成先天/ Hải thượng đại thành Lãn Ông tập thành tiên thiên,https://dzkimgs.l.u-tokyo.ac.jp/iiif/vnpf/nlvnpf/nlvnpf-0160/manifest.json
nlvnpf-0161,海上行簡珍需/ Hải Thượng hành giản trân nhu,https://dzkimgs.l.u-tokyo.ac.jp/iiif/vnpf/nlvnpf/nlvnpf-0161/manifest.json
nlvnpf-0162,海上心得神方/ Hải Thượng tâm đắc thần phương,https://dzkimgs.l.u-tokyo.ac.jp/iiif/vnpf/nlvnpf/nlvnpf-0162/manifest.json
nlvnpf-0163,海上醫海求源/ Hải Thượng y hải cầu nguyên,https://dzkimgs.l.u-tokyo.ac.jp/iiif/vnpf/nlvnpf/nlvnpf-0163/manifest.json
nlvnpf-0164,韓墨林/ Hàn mặc lâm,https://dzkimgs.l.u-tokyo.ac.jp/iiif/vnpf/nlvnpf/nlvnpf-0164/manifest.json
nlvnpf-0165,後陳逸史/ Hậu Trần dật sử,https://dzkimgs.l.u-tokyo.ac.jp/iiif/vnpf/nlvnpf/nlvnpf-0165/manifest.json
nlvnpf-0166,華程詩集/ Hoa Trình thi tập,https://dzkimgs.l.u-tokyo.ac.jp/iiif/vnpf/nlvnpf/nlvnpf-0166/manifest.json
nlvnpf-0167,皇黎抑齋相公遺集/ Hoàng Lê Ức Trai tướng công di tập,https://dzkimgs.l.u-tokyo.ac.jp/iiif/vnpf/nlvnpf/nlvnpf-0167/manifest.json
nlvnpf-0168,皇陳廟坤範嗣音歌章合稿/ Hoàng Trần miếu khôn phạm tự âm ca chương hợp cảo,https://dzkimgs.l.u-tokyo.ac.jp/iiif/vnpf/nlvnpf/nlvnpf-0168/manifest.json
nlvnpf-0171,皇越文選/ Hoàng Việt văn tuyển,https://dzkimgs.l.u-tokyo.ac.jp/iiif/vnpf/nlvnpf/nlvnpf-0171/manifest.json
nlvnpf-0172,乩正竈神經文/ Kê chính táo thần kinh văn,https://dzkimgs.l.u-tokyo.ac.jp/iiif/vnpf/nlvnpf/nlvnpf-0172/manifest.json
nlvnpf-0175,欽天解厄經/ Khâm thiên giải ách kinh,https://dzkimgs.l.u-tokyo.ac.jp/iiif/vnpf/nlvnpf/nlvnpf-0175/manifest.json
nlvnpf-0176,呂塘遺藁詩集/ Lã Đường di cảo thi tập,https://dzkimgs.l.u-tokyo.ac.jp/iiif/vnpf/nlvnpf/nlvnpf-0176/manifest.json
nlvnpf-0177,吕祖雪過修真仙懺/ Lã tổ tuyết quá tu chân tiên sám,https://dzkimgs.l.u-tokyo.ac.jp/iiif/vnpf/nlvnpf/nlvnpf-0177/manifest.json
nlvnpf-0178,吏閲日記/ Lại duyệt nhật kí - Bảo Đại (1927-1928),https://dzkimgs.l.u-tokyo.ac.jp/iiif/vnpf/nlvnpf/nlvnpf-0178/manifest.json
nlvnpf-0179,吏閲日記/ Lại duyệt nhật kí - Duy Tân (1908),https://dzkimgs.l.u-tokyo.ac.jp/iiif/vnpf/nlvnpf/nlvnpf-0179/manifest.json
nlvnpf-0180,吏閲日記/ Lại duyệt nhật kí - Duy Tân (1909),https://dzkimgs.l.u-tokyo.ac.jp/iiif/vnpf/nlvnpf/nlvnpf-0180/manifest.json
nlvnpf-0181,吏閲日記/ Lại duyệt nhật kí - Duy Tân (1910),https://dzkimgs.l.u-tokyo.ac.jp/iiif/vnpf/nlvnpf/nlvnpf-0181/manifest.json
nlvnpf-0182,吏閲日記-維新/ Lại duyệt nhật kí – Duy Tân (1910),https://dzkimgs.l.u-tokyo.ac.jp/iiif/vnpf/nlvnpf/nlvnpf-0182/manifest.json
nlvnpf-0183,吏閲日記-啓定/ Lại duyệt nhật kí – Khải Định (1921),https://dzkimgs.l.u-tokyo.ac.jp/iiif/vnpf/nlvnpf/nlvnpf-0183/manifest.json
nlvnpf-0184,吏閲日記-啓定/ Lại duyệt nhật kí – Khải Định (1922),https://dzkimgs.l.u-tokyo.ac.jp/iiif/vnpf/nlvnpf/nlvnpf-0184/manifest.json
nlvnpf-0185,吏閲日記-啓定/ Lại duyệt nhật kí – Khải Định (1923),https://dzkimgs.l.u-tokyo.ac.jp/iiif/vnpf/nlvnpf/nlvnpf-0185/manifest.json
nlvnpf-0187,吏閲日記-成泰/ Lại duyệt nhật kí – Thành Thái (1901),https://dzkimgs.l.u-tokyo.ac.jp/iiif/vnpf/nlvnpf/nlvnpf-0187/manifest.json
nlvnpf-0188,吏閲日記-成泰/ Lại duyệt nhật kí – Thành Thái (1904),https://dzkimgs.l.u-tokyo.ac.jp/iiif/vnpf/nlvnpf/nlvnpf-0188/manifest.json
nlvnpf-0189,吏閲日記-成泰/ Lại duyệt nhật kí – Thành Thái (1905),https://dzkimgs.l.u-tokyo.ac.jp/iiif/vnpf/nlvnpf/nlvnpf-0189/manifest.json
nlvnpf-0190,吏閲日記-成泰/ Lại duyệt nhật kí – Thành Thái (1906),https://dzkimgs.l.u-tokyo.ac.jp/iiif/vnpf/nlvnpf/nlvnpf-0190/manifest.json
nlvnpf-0191,吏閲日記-成泰/ Lại duyệt nhật kí – Thành Thái (1907),https://dzkimgs.l.u-tokyo.ac.jp/iiif/vnpf/nlvnpf/nlvnpf-0191/manifest.json
nlvnpf-0193,列聖寶誥真經/ Liệt thánh bảo cáo chân kinh,https://dzkimgs.l.u-tokyo.ac.jp/iiif/vnpf/nlvnpf/nlvnpf-0193/manifest.json
nlvnpf-0194,靈鄉三位聖母警世真經演音/ Linh Hương tam vị thánh mẫu cảnh thế chân kinh diễn âm,https://dzkimgs.l.u-tokyo.ac.jp/iiif/vnpf/nlvnpf/nlvnpf-0194/manifest.json
nlvnpf-0195,六部小册/ Lục bộ tiểu sách,https://dzkimgs.l.u-tokyo.ac.jp/iiif/vnpf/nlvnpf/nlvnpf-0195/manifest.json
nlvnpf-0196,明珠貫會真經/ Minh châu quán hội chân kinh,https://dzkimgs.l.u-tokyo.ac.jp/iiif/vnpf/nlvnpf/nlvnpf-0196/manifest.json
nlvnpf-0197,明德寶經/ Minh đức bảo kinh,https://dzkimgs.l.u-tokyo.ac.jp/iiif/vnpf/nlvnpf/nlvnpf-0197/manifest.json
nlvnpf-0198,明聖經示讀/ Minh thánh kinh thị độc,https://dzkimgs.l.u-tokyo.ac.jp/iiif/vnpf/nlvnpf/nlvnpf-0198/manifest.json
nlvnpf-0201,南國地輿/ Nam quốc địa dư,https://dzkimgs.l.u-tokyo.ac.jp/iiif/vnpf/nlvnpf/nlvnpf-0201/manifest.json
nlvnpf-0202,南國偉人傳/ Nam quốc vĩ nhân truyện,https://dzkimgs.l.u-tokyo.ac.jp/iiif/vnpf/nlvnpf/nlvnpf-0202/manifest.json
nlvnpf-0204,議憑閲記/ Nghị bằng duyệt kí,https://dzkimgs.l.u-tokyo.ac.jp/iiif/vnpf/nlvnpf/nlvnpf-0204/manifest.json
nlvnpf-0205,玉皇降封心香經/ Ngọc Hoàng giáng phong tâm hương kinh,https://dzkimgs.l.u-tokyo.ac.jp/iiif/vnpf/nlvnpf/nlvnpf-0205/manifest.json
nlvnpf-0206,玉皇經懺/ Ngọc Hoàng kinh sám,https://dzkimgs.l.u-tokyo.ac.jp/iiif/vnpf/nlvnpf/nlvnpf-0206/manifest.json
nlvnpf-0207,玉皇普度尊經/ Ngọc Hoàng phổ độ tôn kinh,https://dzkimgs.l.u-tokyo.ac.jp/iiif/vnpf/nlvnpf/nlvnpf-0207/manifest.json
nlvnpf-0210,御製皇越律例/ Ngự chế Hoàng Việt luật lệ,https://dzkimgs.l.u-tokyo.ac.jp/iiif/vnpf/nlvnpf/nlvnpf-0210/manifest.json
nlvnpf-0213,五聖經文合編/ Ngũ thánh kinh văn hợp biên,https://dzkimgs.l.u-tokyo.ac.jp/iiif/vnpf/nlvnpf/nlvnpf-0213/manifest.json
nlvnpf-0214,阮堂譜記/ Nguyễn Đường phả kí,https://dzkimgs.l.u-tokyo.ac.jp/iiif/vnpf/nlvnpf/nlvnpf-0214/manifest.json
nlvnpf-0215,阮堂譜記/ Nguyễn Đường phả kí,https://dzkimgs.l.u-tokyo.ac.jp/iiif/vnpf/nlvnpf/nlvnpf-0215/manifest.json
nlvnpf-0216,元慈國母立命國音真經/ Nguyên từ quốc mẫu lập mệnh quốc âm chân kinh,https://dzkimgs.l.u-tokyo.ac.jp/iiif/vnpf/nlvnpf/nlvnpf-0216/manifest.json
nlvnpf-0217,因果實錄/ Nhân quả thực lục,https://dzkimgs.l.u-tokyo.ac.jp/iiif/vnpf/nlvnpf/nlvnpf-0217/manifest.json
nlvnpf-0221,風情古錄/ Phong tình cổ lục,https://dzkimgs.l.u-tokyo.ac.jp/iiif/vnpf/nlvnpf/nlvnpf-0221/manifest.json
nlvnpf-0222,痘疹全集/ Đậu chẩn toàn tập,https://dzkimgs.l.u-tokyo.ac.jp/iiif/vnpf/nlvnpf/nlvnpf-0222/manifest.json
nlvnpf-0225,關帝救劫真經/ Quan đế cứu kiếp chân kinh,https://dzkimgs.l.u-tokyo.ac.jp/iiif/vnpf/nlvnpf/nlvnpf-0225/manifest.json
nlvnpf-0226,關帝明聖經/ Quan đế minh thánh kinh,https://dzkimgs.l.u-tokyo.ac.jp/iiif/vnpf/nlvnpf/nlvnpf-0226/manifest.json
nlvnpf-0227,關帝明聖經觧/ Quan đế minh thánh kinh giải,https://dzkimgs.l.u-tokyo.ac.jp/iiif/vnpf/nlvnpf/nlvnpf-0227/manifest.json
nlvnpf-0228,官吏陞銜縂册/ Quan lại thăng hàm tổng sách,https://dzkimgs.l.u-tokyo.ac.jp/iiif/vnpf/nlvnpf/nlvnpf-0228/manifest.json
nlvnpf-0229,官吏陞銜縂册/ Quan lại thăng hàm tổng sách,https://dzkimgs.l.u-tokyo.ac.jp/iiif/vnpf/nlvnpf/nlvnpf-0229/manifest.json
nlvnpf-0230,關聖帝勸學文/ Quan thánh đế khuyến hiếu văn,https://dzkimgs.l.u-tokyo.ac.jp/iiif/vnpf/nlvnpf/nlvnpf-0230/manifest.json
nlvnpf-0231,關聖帝君感應明聖經註解/ Quan thánh đế quân cảm ứng minh thánh kinh chú giải,https://dzkimgs.l.u-tokyo.ac.jp/iiif/vnpf/nlvnpf/nlvnpf-0231/manifest.json
nlvnpf-0232,關聖帝君救劫永命經/ Quan thánh đế quân cứu kiếp vĩnh mệnh kinh,https://dzkimgs.l.u-tokyo.ac.jp/iiif/vnpf/nlvnpf/nlvnpf-0232/manifest.json
nlvnpf-0238,瓊璢節婦傳/ Quỳnh Lưu tiết phụ truyện,https://dzkimgs.l.u-tokyo.ac.jp/iiif/vnpf/nlvnpf/nlvnpf-0238/manifest.json
nlvnpf-0239,三極寶經南音/ Tam cực bảo kinh Nam âm,https://dzkimgs.l.u-tokyo.ac.jp/iiif/vnpf/nlvnpf/nlvnpf-0239/manifest.json
nlvnpf-0240,心法切要真經/ Tâm pháp thiết yếu chân kinh,https://dzkimgs.l.u-tokyo.ac.jp/iiif/vnpf/nlvnpf/nlvnpf-0240/manifest.json
nlvnpf-0241,三官妙經/ Tam quan diệu kinh,https://dzkimgs.l.u-tokyo.ac.jp/iiif/vnpf/nlvnpf/nlvnpf-0241/manifest.json
nlvnpf-0242,三國演歌/ Tam quốc diễn ca,https://dzkimgs.l.u-tokyo.ac.jp/iiif/vnpf/nlvnpf/nlvnpf-0242/manifest.json
nlvnpf-0243,心善真經/ Tâm thiện chân kinh,https://dzkimgs.l.u-tokyo.ac.jp/iiif/vnpf/nlvnpf/nlvnpf-0243/manifest.json
nlvnpf-0244,三位聖母警世真經/ Tam vị thánh mẫu cảnh thế chân kinh,https://dzkimgs.l.u-tokyo.ac.jp/iiif/vnpf/nlvnpf/nlvnpf-0244/manifest.json
nlvnpf-0245,新刊刑部則例/ Tân san hình bộ tắc lệ,https://dzkimgs.l.u-tokyo.ac.jp/iiif/vnpf/nlvnpf/nlvnpf-0245/manifest.json
nlvnpf-0247,神化除災解難金册/ Thần hoá trừ tai giải nạn kim sách,https://dzkimgs.l.u-tokyo.ac.jp/iiif/vnpf/nlvnpf/nlvnpf-0247/manifest.json
nlvnpf-0248,陞銜名籍/ Thăng hàm danh tịch,https://dzkimgs.l.u-tokyo.ac.jp/iiif/vnpf/nlvnpf/nlvnpf-0248/manifest.json
nlvnpf-0249,陞銜名籍/ Thăng hàm danh tịch,https://dzkimgs.l.u-tokyo.ac.jp/iiif/vnpf/nlvnpf/nlvnpf-0249/manifest.json
nlvnpf-0250,陞銜日記/ Thăng hàm nhật kí,https://dzkimgs.l.u-tokyo.ac.jp/iiif/vnpf/nlvnpf/nlvnpf-0250/manifest.json
nlvnpf-0251,陞銜日記/ Thăng hàm nhật kí,https://dzkimgs.l.u-tokyo.ac.jp/iiif/vnpf/nlvnpf/nlvnpf-0251/manifest.json
nlvnpf-0252,陞銜日記/ Thăng hàm nhật kí,https://dzkimgs.l.u-tokyo.ac.jp/iiif/vnpf/nlvnpf/nlvnpf-0252/manifest.json
nlvnpf-0253,陞銜日記/ Thăng hàm nhật kí,https://dzkimgs.l.u-tokyo.ac.jp/iiif/vnpf/nlvnpf/nlvnpf-0253/manifest.json
nlvnpf-0254,陞銜日記/ Thăng hàm nhật kí,https://dzkimgs.l.u-tokyo.ac.jp/iiif/vnpf/nlvnpf/nlvnpf-0254/manifest.json
nlvnpf-0255,陞賞日記/ Thăng thưởng nhật kí,https://dzkimgs.l.u-tokyo.ac.jp/iiif/vnpf/nlvnpf/nlvnpf-0255/manifest.json
nlvnpf-0256,陞賞日記/ Thăng thưởng nhật kí,https://dzkimgs.l.u-tokyo.ac.jp/iiif/vnpf/nlvnpf/nlvnpf-0256/manifest.json
nlvnpf-0257,陞賞日記/ Thăng thưởng nhật kí,https://dzkimgs.l.u-tokyo.ac.jp/iiif/vnpf/nlvnpf/nlvnpf-0257/manifest.json
nlvnpf-0258,吏閲日記/ Lại duyệt nhật kí,https://dzkimgs.l.u-tokyo.ac.jp/iiif/vnpf/nlvnpf/nlvnpf-0258/manifest.json
nlvnpf-0259,陞賞日記/ Thăng thưởng nhật kí,https://dzkimgs.l.u-tokyo.ac.jp/iiif/vnpf/nlvnpf/nlvnpf-0259/manifest.json
nlvnpf-0260,陞賞日記/ Thăng thưởng nhật kí,https://dzkimgs.l.u-tokyo.ac.jp/iiif/vnpf/nlvnpf/nlvnpf-0260/manifest.json
nlvnpf-0261,陞賞日記/ Thăng thưởng nhật kí,https://dzkimgs.l.u-tokyo.ac.jp/iiif/vnpf/nlvnpf/nlvnpf-0261/manifest.json
nlvnpf-0262,陞賞日記/ Thăng thưởng nhật kí,https://dzkimgs.l.u-tokyo.ac.jp/iiif/vnpf/nlvnpf/nlvnpf-0262/manifest.json
nlvnpf-0263,陞賞日記/ Thăng thưởng nhật kí,https://dzkimgs.l.u-tokyo.ac.jp/iiif/vnpf/nlvnpf/nlvnpf-0263/manifest.json
nlvnpf-0264,陞賞日記/ Thăng thưởng nhật kí,https://dzkimgs.l.u-tokyo.ac.jp/iiif/vnpf/nlvnpf/nlvnpf-0264/manifest.json
nlvnpf-0265,陞銜日記/ Thăng hàm nhật kí,https://dzkimgs.l.u-tokyo.ac.jp/iiif/vnpf/nlvnpf/nlvnpf-0265/manifest.json
nlvnpf-0266,陞賞日記/ Thăng thưởng nhật kí,https://dzkimgs.l.u-tokyo.ac.jp/iiif/vnpf/nlvnpf/nlvnpf-0266/manifest.json
nlvnpf-0267,陞賞日記文階/ Thăng thưởng nhật kí văn giai,https://dzkimgs.l.u-tokyo.ac.jp/iiif/vnpf/nlvnpf/nlvnpf-0267/manifest.json
nlvnpf-0268,陞賞日記武階/ Thăng thưởng nhật kí võ giai,https://dzkimgs.l.u-tokyo.ac.jp/iiif/vnpf/nlvnpf/nlvnpf-0268/manifest.json
nlvnpf-0269,陞賞品銜日記/ Thăng thưởng phẩm hàm nhật kí,https://dzkimgs.l.u-tokyo.ac.jp/iiif/vnpf/nlvnpf/nlvnpf-0269/manifest.json
nlvnpf-0270,陞賞品銜日記/ Thăng thưởng phẩm hàm nhật kí,https://dzkimgs.l.u-tokyo.ac.jp/iiif/vnpf/nlvnpf/nlvnpf-0270/manifest.json
nlvnpf-0271,陞賞品銜日記/ Thăng thưởng phẩm hàm nhật kí,https://dzkimgs.l.u-tokyo.ac.jp/iiif/vnpf/nlvnpf/nlvnpf-0271/manifest.json
nlvnpf-0272,聖教經願/ Thánh giáo kinh nguyện,https://dzkimgs.l.u-tokyo.ac.jp/iiif/vnpf/nlvnpf/nlvnpf-0272/manifest.json
nlvnpf-0273,聖教要理/ Thánh giáo yếu lí,https://dzkimgs.l.u-tokyo.ac.jp/iiif/vnpf/nlvnpf/nlvnpf-0273/manifest.json
nlvnpf-0274,聖經訓讀/ Thánh kinh huấn độc,https://dzkimgs.l.u-tokyo.ac.jp/iiif/vnpf/nlvnpf/nlvnpf-0274/manifest.json
nlvnpf-0275,聖經持誦儀則/ Thánh kinh trì tụng nghi tắc,https://dzkimgs.l.u-tokyo.ac.jp/iiif/vnpf/nlvnpf/nlvnpf-0275/manifest.json
nlvnpf-0276,玉皇降封善政經/ Ngọc Hoàng giáng phong thiện chính kinh,https://dzkimgs.l.u-tokyo.ac.jp/iiif/vnpf/nlvnpf/nlvnpf-0276/manifest.json
nlvnpf-0277,賞銜日記/ Thưởng hàm nhật kí,https://dzkimgs.l.u-tokyo.ac.jp/iiif/vnpf/nlvnpf/nlvnpf-0277/manifest.json
nlvnpf-0278,賞銜日記/ Thưởng hàm nhật kí,https://dzkimgs.l.u-tokyo.ac.jp/iiif/vnpf/nlvnpf/nlvnpf-0278/manifest.json
nlvnpf-0279,賞銜日記/ Thưởng hàm nhật kí,https://dzkimgs.l.u-tokyo.ac.jp/iiif/vnpf/nlvnpf/nlvnpf-0279/manifest.json
nlvnpf-0280,賞銜日記/ Thưởng hàm nhật kí,https://dzkimgs.l.u-tokyo.ac.jp/iiif/vnpf/nlvnpf/nlvnpf-0280/manifest.json
nlvnpf-0281,瑞應家譜/ Thuỵ Ứng gia phả,https://dzkimgs.l.u-tokyo.ac.jp/iiif/vnpf/nlvnpf/nlvnpf-0281/manifest.json
nlvnpf-0282,僊真要訣寶經/ Tiên chân yếu quyết bảo kinh,https://dzkimgs.l.u-tokyo.ac.jp/iiif/vnpf/nlvnpf/nlvnpf-0282/manifest.json
nlvnpf-0283,陳朝殿帥宗元統會經/ Trần triều điện soái Tông nguyên Thống Hội kinh,https://dzkimgs.l.u-tokyo.ac.jp/iiif/vnpf/nlvnpf/nlvnpf-0283/manifest.json
nlvnpf-0284,陳朝顯聖正經初編/ Trần triều hiển thánh chính kinh sơ biên,https://dzkimgs.l.u-tokyo.ac.jp/iiif/vnpf/nlvnpf/nlvnpf-0284/manifest.json
nlvnpf-0285,傳奇新譜/ Truyền kì tân phả,https://dzkimgs.l.u-tokyo.ac.jp/iiif/vnpf/nlvnpf/nlvnpf-0285/manifest.json
nlvnpf-0286,詞翰/ Từ Hàn,https://dzkimgs.l.u-tokyo.ac.jp/iiif/vnpf/nlvnpf/nlvnpf-0286/manifest.json
nlvnpf-0287,奬錄日記/ Tưởng lục nhật kí,https://dzkimgs.l.u-tokyo.ac.jp/iiif/vnpf/nlvnpf/nlvnpf-0287/manifest.json
nlvnpf-0288,奬錄日記/ Tưởng lục nhật kí,https://dzkimgs.l.u-tokyo.ac.jp/iiif/vnpf/nlvnpf/nlvnpf-0288/manifest.json
nlvnpf-0290,抑齋集敘傳/ Ức Trai tập tự  truyện,https://dzkimgs.l.u-tokyo.ac.jp/iiif/vnpf/nlvnpf/nlvnpf-0290/manifest.json
nlvnpf-0291,文班銜册/ Văn ban hàm sách,https://dzkimgs.l.u-tokyo.ac.jp/iiif/vnpf/nlvnpf/nlvnpf-0291/manifest.json
nlvnpf-0292,文昌帝君救劫葆生經/ Văn Xương đế quân cứu kiếp bảo sinh kinh,https://dzkimgs.l.u-tokyo.ac.jp/iiif/vnpf/nlvnpf/nlvnpf-0292/manifest.json
nlvnpf-0293,越南內道三聖常誦真經/ Việt Nam nội đạo tam thánh thường tụng chân kinh,https://dzkimgs.l.u-tokyo.ac.jp/iiif/vnpf/nlvnpf/nlvnpf-0293/manifest.json
nlvnpf-0294,越南佛典樷刊/ Việt Nam phật điển tùng san,https://dzkimgs.l.u-tokyo.ac.jp/iiif/vnpf/nlvnpf/nlvnpf-0294/manifest.json
nlvnpf-0298,武班銜册/ Võ ban hàm sách,https://dzkimgs.l.u-tokyo.ac.jp/iiif/vnpf/nlvnpf/nlvnpf-0298/manifest.json
nlvnpf-0299,無極先天一貫大道正宗聖典/ Vô cực tiên thiên nhất quán đại đạo chính tông thánh điển,https://dzkimgs.l.u-tokyo.ac.jp/iiif/vnpf/nlvnpf/nlvnpf-0299/manifest.json
nlvnpf-0300,雨中隨筆/ Vũ trung tuỳ bút,https://dzkimgs.l.u-tokyo.ac.jp/iiif/vnpf/nlvnpf/nlvnpf-0300/manifest.json
nlvnpf-0301,消災延壽經/ Tiêu tai diên thọ kinh,https://dzkimgs.l.u-tokyo.ac.jp/iiif/vnpf/nlvnpf/nlvnpf-0301/manifest.json
nlvnpf-0302,陳朝三界洞祈寶經/ Trần triều tam giới động kì bảo kinh,https://dzkimgs.l.u-tokyo.ac.jp/iiif/vnpf/nlvnpf/nlvnpf-0302/manifest.json
nlvnpf-0303,陞銜名籍/ Thăng hàm danh tịch,https://dzkimgs.l.u-tokyo.ac.jp/iiif/vnpf/nlvnpf/nlvnpf-0303/manifest.json
nlvnpf-0304,陞銜日記/ Thăng hàm nhật kí,https://dzkimgs.l.u-tokyo.ac.jp/iiif/vnpf/nlvnpf/nlvnpf-0304/manifest.json
nlvnpf-0305,玉皇普度尊經國音/ Ngọc Hoàng phổ độ tôn kinh quốc âm,https://dzkimgs.l.u-tokyo.ac.jp/iiif/vnpf/nlvnpf/nlvnpf-0305/manifest.json
nlvnpf-0311,[家傳醫方]/ [Gia truyền y phương],https://dzkimgs.l.u-tokyo.ac.jp/iiif/vnpf/nlvnpf/nlvnpf-0311/manifest.json
nlvnpf-0312,[人物歷史]/ [Nhân vật lịch sử],https://dzkimgs.l.u-tokyo.ac.jp/iiif/vnpf/nlvnpf/nlvnpf-0312/manifest.json
nlvnpf-0313,[勅封雜抄]/ [Sắc phong tạp sao ],https://dzkimgs.l.u-tokyo.ac.jp/iiif/vnpf/nlvnpf/nlvnpf-0313/manifest.json
nlvnpf-0314,[册供]/ [Sách cúng],https://dzkimgs.l.u-tokyo.ac.jp/iiif/vnpf/nlvnpf/nlvnpf-0314/manifest.json
nlvnpf-0315,[册供]/ [Sách cúng],https://dzkimgs.l.u-tokyo.ac.jp/iiif/vnpf/nlvnpf/nlvnpf-0315/manifest.json
nlvnpf-0316,[擲差文]/ [Trịch sai văn],https://dzkimgs.l.u-tokyo.ac.jp/iiif/vnpf/nlvnpf/nlvnpf-0316/manifest.json
nlvnpf-0317,辛丑年恩科南定塲/ Tân Sửu niên ân khoa Nam Định trường,https://dzkimgs.l.u-tokyo.ac.jp/iiif/vnpf/nlvnpf/nlvnpf-0317/manifest.json
nlvnpf-0318,[文武義畧]/ [Văn võ nghĩa lược],https://dzkimgs.l.u-tokyo.ac.jp/iiif/vnpf/nlvnpf/nlvnpf-0318/manifest.json
nlvnpf-0319,博學宏詞科文選/ Bác học hoành từ khoa văn tuyển,https://dzkimgs.l.u-tokyo.ac.jp/iiif/vnpf/nlvnpf/nlvnpf-0319/manifest.json
nlvnpf-0320,本草備要/ Bản thảo bị yếu (q.03),https://dzkimgs.l.u-tokyo.ac.jp/iiif/vnpf/nlvnpf/nlvnpf-0320/manifest.json
nlvnpf-0327,筆華醫鏡/ Bút hoa y kính (q.02-04),https://dzkimgs.l.u-tokyo.ac.jp/iiif/vnpf/nlvnpf/nlvnpf-0327/manifest.json
nlvnpf-0328,感應高王觀世音經/ Cảm ứng Cao Vương Quan Thế Âm kinh,https://dzkimgs.l.u-tokyo.ac.jp/iiif/vnpf/nlvnpf/nlvnpf-0328/manifest.json
nlvnpf-0329,止至善錄/ Chỉ chí thiện lục,https://dzkimgs.l.u-tokyo.ac.jp/iiif/vnpf/nlvnpf/nlvnpf-0329/manifest.json
nlvnpf-0330,正心真經/ Chính tâm chân kinh (q.01),https://dzkimgs.l.u-tokyo.ac.jp/iiif/vnpf/nlvnpf/nlvnpf-0330/manifest.json
nlvnpf-0331,古琴新舊集/ Cổ cầm tân cựu tập,https://dzkimgs.l.u-tokyo.ac.jp/iiif/vnpf/nlvnpf/nlvnpf-0331/manifest.json
nlvnpf-0332,古方/ Cổ phương,https://dzkimgs.l.u-tokyo.ac.jp/iiif/vnpf/nlvnpf/nlvnpf-0332/manifest.json
nlvnpf-0333,古方要藥并性藥全攷/ Cổ phương yếu dược tịnh tính dược toàn khảo,https://dzkimgs.l.u-tokyo.ac.jp/iiif/vnpf/nlvnpf/nlvnpf-0333/manifest.json
nlvnpf-0335,易膚叢說/ Dịch phu tùng thuyết,https://dzkimgs.l.u-tokyo.ac.jp/iiif/vnpf/nlvnpf/nlvnpf-0335/manifest.json
nlvnpf-0337,面上蒸热洗眼立效/ Diện thượng chưng nhiệt tẩy nhãn lập hiệu,https://dzkimgs.l.u-tokyo.ac.jp/iiif/vnpf/nlvnpf/nlvnpf-0337/manifest.json
nlvnpf-0341,藥師經/ Dược sư kinh,https://dzkimgs.l.u-tokyo.ac.jp/iiif/vnpf/nlvnpf/nlvnpf-0341/manifest.json
nlvnpf-0342,家傳診痘要夬/ Gia truyền chẩn đậu yếu quyết,https://dzkimgs.l.u-tokyo.ac.jp/iiif/vnpf/nlvnpf/nlvnpf-0342/manifest.json
nlvnpf-0343,河南鄉試文選/ Hà Nam hương thí văn tuyển,https://dzkimgs.l.u-tokyo.ac.jp/iiif/vnpf/nlvnpf/nlvnpf-0343/manifest.json
nlvnpf-0346,活世良方/ Hoạt thế lương phương,https://dzkimgs.l.u-tokyo.ac.jp/iiif/vnpf/nlvnpf/nlvnpf-0346/manifest.json
nlvnpf-0347,合善真經/ Hợp thiện chân kinh,https://dzkimgs.l.u-tokyo.ac.jp/iiif/vnpf/nlvnpf/nlvnpf-0347/manifest.json
nlvnpf-0348,鄉試文選/ Hương thí văn tuyển,https://dzkimgs.l.u-tokyo.ac.jp/iiif/vnpf/nlvnpf/nlvnpf-0348/manifest.json
nlvnpf-0349,鄉試文選/ Hương thí văn tuyển,https://dzkimgs.l.u-tokyo.ac.jp/iiif/vnpf/nlvnpf/nlvnpf-0349/manifest.json
nlvnpf-0350,鄉試文選/ Hương thí văn tuyển,https://dzkimgs.l.u-tokyo.ac.jp/iiif/vnpf/nlvnpf/nlvnpf-0350/manifest.json
nlvnpf-0351,鄕約目錄廊甲貳/ Hương ước mục lục làng Giáp nhị,https://dzkimgs.l.u-tokyo.ac.jp/iiif/vnpf/nlvnpf/nlvnpf-0351/manifest.json
nlvnpf-0354,吕祖勸孝戒淫文/ Lã tổ khuyến hiếu giới dâm văn,https://dzkimgs.l.u-tokyo.ac.jp/iiif/vnpf/nlvnpf/nlvnpf-0354/manifest.json
nlvnpf-0355,吕祖師勅演廣化真經/ Lã Tổ Sư sắc diễn quảng hoá chân kinh (q.56),https://dzkimgs.l.u-tokyo.ac.jp/iiif/vnpf/nlvnpf/nlvnpf-0355/manifest.json
nlvnpf-0357,[脉頭南音歌括]/ [Mạch đầu Nam âm ca quát],https://dzkimgs.l.u-tokyo.ac.jp/iiif/vnpf/nlvnpf/nlvnpf-0357/manifest.json
nlvnpf-0358,脉頭南音歌括/ Mạch đầu Nam âm ca quát,https://dzkimgs.l.u-tokyo.ac.jp/iiif/vnpf/nlvnpf/nlvnpf-0358/manifest.json
nlvnpf-0360,南藥神效/ Nam dược thần hiệu,https://dzkimgs.l.u-tokyo.ac.jp/iiif/vnpf/nlvnpf/nlvnpf-0360/manifest.json
nlvnpf-0361,南海三乘演義/ Nam Hải tam thừa diễn nghĩa,https://dzkimgs.l.u-tokyo.ac.jp/iiif/vnpf/nlvnpf/nlvnpf-0361/manifest.json
nlvnpf-0362,南五正村官員上下簿/ Nam Ngũ Chính thôn quan viên thượng hạ bạ,https://dzkimgs.l.u-tokyo.ac.jp/iiif/vnpf/nlvnpf/nlvnpf-0362/manifest.json
nlvnpf-0363,延壽鄰上下簿/ Diên Thọ lân thượng hạ bạ,https://dzkimgs.l.u-tokyo.ac.jp/iiif/vnpf/nlvnpf/nlvnpf-0363/manifest.json
nlvnpf-0364,南山叢話/ Nam Sơn tùng thoại,https://dzkimgs.l.u-tokyo.ac.jp/iiif/vnpf/nlvnpf/nlvnpf-0364/manifest.json
nlvnpf-0365,羲經蠡測國音/ Hi kinh lãi trắc quốc âm,https://dzkimgs.l.u-tokyo.ac.jp/iiif/vnpf/nlvnpf/nlvnpf-0365/manifest.json
nlvnpf-0366,義畧/ Nghĩa lược,https://dzkimgs.l.u-tokyo.ac.jp/iiif/vnpf/nlvnpf/nlvnpf-0366/manifest.json
nlvnpf-0367,吳家文選/ Ngô gia văn tuyển,https://dzkimgs.l.u-tokyo.ac.jp/iiif/vnpf/nlvnpf/nlvnpf-0367/manifest.json
nlvnpf-0368,玉諭全書/ Ngọc dụ toàn thư,https://dzkimgs.l.u-tokyo.ac.jp/iiif/vnpf/nlvnpf/nlvnpf-0368/manifest.json
nlvnpf-0373,仁睦門生賀先生帳文竝對聯/ Nhân mục môn sinh hạ tiên sinh trướng văn tịnh đối liên,https://dzkimgs.l.u-tokyo.ac.jp/iiif/vnpf/nlvnpf/nlvnpf-0373/manifest.json
nlvnpf-0374,普度陰陽寳經/ Phổ độ âm dương bảo kinh,https://dzkimgs.l.u-tokyo.ac.jp/iiif/vnpf/nlvnpf/nlvnpf-0374/manifest.json
nlvnpf-0375,官帝桃園明聖經/ Quan đế đào viên minh thánh kinh,https://dzkimgs.l.u-tokyo.ac.jp/iiif/vnpf/nlvnpf/nlvnpf-0375/manifest.json
nlvnpf-0376,觀世音真經/ Quan Thế Âm chân kinh,https://dzkimgs.l.u-tokyo.ac.jp/iiif/vnpf/nlvnpf/nlvnpf-0376/manifest.json
nlvnpf-0377,張廣溪公文集/ Thương Quảng Khê công văn tập,https://dzkimgs.l.u-tokyo.ac.jp/iiif/vnpf/nlvnpf/nlvnpf-0377/manifest.json
nlvnpf-0378,廣集華文/ Quảng tập hoa văn (q.03),https://dzkimgs.l.u-tokyo.ac.jp/iiif/vnpf/nlvnpf/nlvnpf-0378/manifest.json
nlvnpf-0379,國朝登科錄/ Quốc triều đăng khoa lục (q.04),https://dzkimgs.l.u-tokyo.ac.jp/iiif/vnpf/nlvnpf/nlvnpf-0379/manifest.json
nlvnpf-0381,三寳國音/ Tam Bảo quốc âm,https://dzkimgs.l.u-tokyo.ac.jp/iiif/vnpf/nlvnpf/nlvnpf-0381/manifest.json
nlvnpf-0382,心囊三又曹官/ Tâm nang tam hựu tào quan,https://dzkimgs.l.u-tokyo.ac.jp/iiif/vnpf/nlvnpf/nlvnpf-0382/manifest.json
nlvnpf-0385,新科會鄕文選/ Tân khoa hội hương văn tuyển,https://dzkimgs.l.u-tokyo.ac.jp/iiif/vnpf/nlvnpf/nlvnpf-0385/manifest.json
nlvnpf-0387,新刊普濟良方/ Tân san phổ tế lương phương,https://dzkimgs.l.u-tokyo.ac.jp/iiif/vnpf/nlvnpf/nlvnpf-0387/manifest.json
nlvnpf-0389,西遊畧撰/ Tây du lược soạn,https://dzkimgs.l.u-tokyo.ac.jp/iiif/vnpf/nlvnpf/nlvnpf-0389/manifest.json
nlvnpf-0390,太平風物誌/ Thái Bình phong vật chí,https://dzkimgs.l.u-tokyo.ac.jp/iiif/vnpf/nlvnpf/nlvnpf-0390/manifest.json
nlvnpf-0395,土地真經/ Thổ địa chân kinh,https://dzkimgs.l.u-tokyo.ac.jp/iiif/vnpf/nlvnpf/nlvnpf-0395/manifest.json
nlvnpf-0396,土地竈王經/ Thổ địa táo vương kinh,https://dzkimgs.l.u-tokyo.ac.jp/iiif/vnpf/nlvnpf/nlvnpf-0396/manifest.json
nlvnpf-0397,統會大族石譜/ Thống Hội đại tộc thạch phả,https://dzkimgs.l.u-tokyo.ac.jp/iiif/vnpf/nlvnpf/nlvnpf-0397/manifest.json
nlvnpf-0398,傷寒/ Thương hàn,https://dzkimgs.l.u-tokyo.ac.jp/iiif/vnpf/nlvnpf/nlvnpf-0398/manifest.json
nlvnpf-0400,省身真經/ Tỉnh thân chân kinh (q.01-03),https://dzkimgs.l.u-tokyo.ac.jp/iiif/vnpf/nlvnpf/nlvnpf-0400/manifest.json
nlvnpf-0401,靜耘齋集驗方/ Tĩnh Vân Trai tập nghiệm phương,https://dzkimgs.l.u-tokyo.ac.jp/iiif/vnpf/nlvnpf/nlvnpf-0401/manifest.json
nlvnpf-0402,宋珍新傳/ Tống Trân tân truyện,https://dzkimgs.l.u-tokyo.ac.jp/iiif/vnpf/nlvnpf/nlvnpf-0402/manifest.json
nlvnpf-0403,陳子性藏書/ Trần Tử  Tính tàng thư (q.01-02),https://dzkimgs.l.u-tokyo.ac.jp/iiif/vnpf/nlvnpf/nlvnpf-0403/manifest.json
nlvnpf-0404,狀元樗寮先生家譜/ Trạng nguyên Hu Liêu tiên sinh gia phả,https://dzkimgs.l.u-tokyo.ac.jp/iiif/vnpf/nlvnpf/nlvnpf-0404/manifest.json
nlvnpf-0405,詞翰舉隅譯國語/ Từ Hàn cử ngung dịch quốc ngữ,https://dzkimgs.l.u-tokyo.ac.jp/iiif/vnpf/nlvnpf/nlvnpf-0405/manifest.json
nlvnpf-0406,修身要道經/ Tu thân yếu đạo kinh,https://dzkimgs.l.u-tokyo.ac.jp/iiif/vnpf/nlvnpf/nlvnpf-0406/manifest.json
nlvnpf-0407,自壽詩料/ Tự thọ thi liệu,https://dzkimgs.l.u-tokyo.ac.jp/iiif/vnpf/nlvnpf/nlvnpf-0407/manifest.json
nlvnpf-0408,萃珍寶錄真經/ Tuỵ chân bảo lục chân kinh,https://dzkimgs.l.u-tokyo.ac.jp/iiif/vnpf/nlvnpf/nlvnpf-0408/manifest.json
nlvnpf-0409,萬里行吟/ Vạn lí hành ngâm,https://dzkimgs.l.u-tokyo.ac.jp/iiif/vnpf/nlvnpf/nlvnpf-0409/manifest.json
nlvnpf-0410,文詞体格/ Văn từ thể cách,https://dzkimgs.l.u-tokyo.ac.jp/iiif/vnpf/nlvnpf/nlvnpf-0410/manifest.json
nlvnpf-0412,衞正真經/ Vệ chính chân kinh,https://dzkimgs.l.u-tokyo.ac.jp/iiif/vnpf/nlvnpf/nlvnpf-0412/manifest.json
nlvnpf-0413,衛生國音/ Vệ sinh quốc âm,https://dzkimgs.l.u-tokyo.ac.jp/iiif/vnpf/nlvnpf/nlvnpf-0413/manifest.json
nlvnpf-0414,王者香南音真經/ Vương giả hương Nam âm chân kinh,https://dzkimgs.l.u-tokyo.ac.jp/iiif/vnpf/nlvnpf/nlvnpf-0414/manifest.json
nlvnpf-0415,醫學說疑/ Y học thuyết nghi,https://dzkimgs.l.u-tokyo.ac.jp/iiif/vnpf/nlvnpf/nlvnpf-0415/manifest.json
nlvnpf-0416,醫學說疑/ Y học thuyết nghi,https://dzkimgs.l.u-tokyo.ac.jp/iiif/vnpf/nlvnpf/nlvnpf-0416/manifest.json
nlvnpf-0420,謝林侍郎爲舉啟/ Tạ Lâm thị lang vi cử khải,https://dzkimgs.l.u-tokyo.ac.jp/iiif/vnpf/nlvnpf/nlvnpf-0420/manifest.json
nlvnpf-0421,謝林侍郎新舉啟/ Tăng đính bản thảo bị yếu,https://dzkimgs.l.u-tokyo.ac.jp/iiif/vnpf/nlvnpf/nlvnpf-0421/manifest.json
nlvnpf-0422,增補選擇通書廣玉匣記/ Tăng bổ tuyển trạch thông thư quảng ngọc hạp ký,https://dzkimgs.l.u-tokyo.ac.jp/iiif/vnpf/nlvnpf/nlvnpf-0422/manifest.json
nlvnpf-0423,心略天樞/ Tâm lược thiên khu,https://dzkimgs.l.u-tokyo.ac.jp/iiif/vnpf/nlvnpf/nlvnpf-0423/manifest.json
nlvnpf-0424,心囊大集/ Tâm nang đại tập,https://dzkimgs.l.u-tokyo.ac.jp/iiif/vnpf/nlvnpf/nlvnpf-0424/manifest.json
nlvnpf-0427,新訂倫理教科書/ Tân đính luân lý giáo khoa thư,https://dzkimgs.l.u-tokyo.ac.jp/iiif/vnpf/nlvnpf/nlvnpf-0427/manifest.json
nlvnpf-0428,新訂南國地輿教書/ Tân đính Nam quốc địa dư giáo khoa thư,https://dzkimgs.l.u-tokyo.ac.jp/iiif/vnpf/nlvnpf/nlvnpf-0428/manifest.json
nlvnpf-0429,新訂南國地輿教書/ Tân đính Nam quốc địa dư giáo khoa thư,https://dzkimgs.l.u-tokyo.ac.jp/iiif/vnpf/nlvnpf/nlvnpf-0429/manifest.json
nlvnpf-0432,新揀應試詩賦/ Tân giản ứng thí thi phú,https://dzkimgs.l.u-tokyo.ac.jp/iiif/vnpf/nlvnpf/nlvnpf-0432/manifest.json
nlvnpf-0435,新科鄕會文選/ Tân khoa hương hội văn tuyển,https://dzkimgs.l.u-tokyo.ac.jp/iiif/vnpf/nlvnpf/nlvnpf-0435/manifest.json
nlvnpf-0436,新豐賦/ Tân phong phú,https://dzkimgs.l.u-tokyo.ac.jp/iiif/vnpf/nlvnpf/nlvnpf-0436/manifest.json
nlvnpf-0437,新刊釋氏要覽行持密想/ Tân san thích thị yếu lãm hành trì mật tưởng,https://dzkimgs.l.u-tokyo.ac.jp/iiif/vnpf/nlvnpf/nlvnpf-0437/manifest.json
nlvnpf-0438,新撰詩段卷/ Tân soạn thi đoạn quyển,https://dzkimgs.l.u-tokyo.ac.jp/iiif/vnpf/nlvnpf/nlvnpf-0438/manifest.json
nlvnpf-0440,心傳祕決新書/ Tâm truyền bí quyết tân thư,https://dzkimgs.l.u-tokyo.ac.jp/iiif/vnpf/nlvnpf/nlvnpf-0440/manifest.json
nlvnpf-0442,左𬇚眞傳地理/ Tả Ao chân truyền địa lý,https://dzkimgs.l.u-tokyo.ac.jp/iiif/vnpf/nlvnpf/nlvnpf-0442/manifest.json
nlvnpf-0443,左青威吳族祖墓/ Tả Thanh Oai Ngô tộc tổ mộ,https://dzkimgs.l.u-tokyo.ac.jp/iiif/vnpf/nlvnpf/nlvnpf-0443/manifest.json
nlvnpf-0444,傘圓山玉譜/ Tản Viên sơn ngọc phả,https://dzkimgs.l.u-tokyo.ac.jp/iiif/vnpf/nlvnpf/nlvnpf-0444/manifest.json
nlvnpf-0445,傘圓山聖眞經/ Tản Viên sơn thánh chân kinh,https://dzkimgs.l.u-tokyo.ac.jp/iiif/vnpf/nlvnpf/nlvnpf-0445/manifest.json
nlvnpf-0446,雜抄/ Tạp sao,https://dzkimgs.l.u-tokyo.ac.jp/iiif/vnpf/nlvnpf/nlvnpf-0446/manifest.json
nlvnpf-0447,[雜抄]/ [Tạp sao],https://dzkimgs.l.u-tokyo.ac.jp/iiif/vnpf/nlvnpf/nlvnpf-0447/manifest.json
nlvnpf-0448,雜醮攻文要集/ Tạp tiếu công văn yếu tập,https://dzkimgs.l.u-tokyo.ac.jp/iiif/vnpf/nlvnpf/nlvnpf-0448/manifest.json
nlvnpf-0450,三教正度輯要/ Tam giáo chính độ tập yếu,https://dzkimgs.l.u-tokyo.ac.jp/iiif/vnpf/nlvnpf/nlvnpf-0450/manifest.json
nlvnpf-0452,三教正度實錄/ Tam giáo chính độ thực lục,https://dzkimgs.l.u-tokyo.ac.jp/iiif/vnpf/nlvnpf/nlvnpf-0452/manifest.json
nlvnpf-0454,三教心法/ Tam giáo tâm pháp,https://dzkimgs.l.u-tokyo.ac.jp/iiif/vnpf/nlvnpf/nlvnpf-0454/manifest.json
nlvnpf-0455,三魁備錄/ Tam khôi bị lục,https://dzkimgs.l.u-tokyo.ac.jp/iiif/vnpf/nlvnpf/nlvnpf-0455/manifest.json
nlvnpf-0456,三經日誦/ Tam kinh nhật tụng,https://dzkimgs.l.u-tokyo.ac.jp/iiif/vnpf/nlvnpf/nlvnpf-0456/manifest.json
nlvnpf-0457,叄拾壹條思量/ Tam thập nhất điều tư lượng,https://dzkimgs.l.u-tokyo.ac.jp/iiif/vnpf/nlvnpf/nlvnpf-0457/manifest.json
nlvnpf-0459,三千字解音/ Tam thiên tự giải âm,https://dzkimgs.l.u-tokyo.ac.jp/iiif/vnpf/nlvnpf/nlvnpf-0459/manifest.json
nlvnpf-0461,三千字解譯國語/ Tam thiên tự giải dịch quốc ngữ,https://dzkimgs.l.u-tokyo.ac.jp/iiif/vnpf/nlvnpf/nlvnpf-0461/manifest.json
nlvnpf-0462,叄場文選/ Tam trường văn tuyển,https://dzkimgs.l.u-tokyo.ac.jp/iiif/vnpf/nlvnpf/nlvnpf-0462/manifest.json
nlvnpf-0463,三字經演音/ Tam tự kinh diễn âm,https://dzkimgs.l.u-tokyo.ac.jp/iiif/vnpf/nlvnpf/nlvnpf-0463/manifest.json
nlvnpf-0464,三字經解音演歌/ Tam tự kinh giải âm diễn ca,https://dzkimgs.l.u-tokyo.ac.jp/iiif/vnpf/nlvnpf/nlvnpf-0464/manifest.json
nlvnpf-0465,三字經六八演音/ Tam tự kinh lục bát diễn âm,https://dzkimgs.l.u-tokyo.ac.jp/iiif/vnpf/nlvnpf/nlvnpf-0465/manifest.json
nlvnpf-0466,喪襄對聯事/ Tang tương đối liên sự,https://dzkimgs.l.u-tokyo.ac.jp/iiif/vnpf/nlvnpf/nlvnpf-0466/manifest.json
nlvnpf-0467,集案翁潘佩珠/ Tập án ông Phan Bội Châu,https://dzkimgs.l.u-tokyo.ac.jp/iiif/vnpf/nlvnpf/nlvnpf-0467/manifest.json
nlvnpf-0470,輯驗癰疽/ Tập nghiệm ung thư,https://dzkimgs.l.u-tokyo.ac.jp/iiif/vnpf/nlvnpf/nlvnpf-0470/manifest.json
nlvnpf-0471,輯左傳/ Tập tả truyện,https://dzkimgs.l.u-tokyo.ac.jp/iiif/vnpf/nlvnpf/nlvnpf-0471/manifest.json
nlvnpf-0473,太平廣記/ Thái bình quảng ký,https://dzkimgs.l.u-tokyo.ac.jp/iiif/vnpf/nlvnpf/nlvnpf-0473/manifest.json
nlvnpf-0474,太宗皇帝御製課虚集/ Thái Tông hoàng đế ngự chế khoá hư tập,https://dzkimgs.l.u-tokyo.ac.jp/iiif/vnpf/nlvnpf/nlvnpf-0474/manifest.json
nlvnpf-0476,太上妙錄/ Thái thượng diệu lục,https://dzkimgs.l.u-tokyo.ac.jp/iiif/vnpf/nlvnpf/nlvnpf-0476/manifest.json
nlvnpf-0477,審音要訣/ Thẩm âm yếu quyết,https://dzkimgs.l.u-tokyo.ac.jp/iiif/vnpf/nlvnpf/nlvnpf-0477/manifest.json
nlvnpf-0479,神霄玉格攻文/ Thần tiêu ngọc cách công văn,https://dzkimgs.l.u-tokyo.ac.jp/iiif/vnpf/nlvnpf/nlvnpf-0479/manifest.json
nlvnpf-0480,神祠對聯/ Thần từ đối liên,https://dzkimgs.l.u-tokyo.ac.jp/iiif/vnpf/nlvnpf/nlvnpf-0480/manifest.json
nlvnpf-0481,成道神經/ Thành đạo thần kinh,https://dzkimgs.l.u-tokyo.ac.jp/iiif/vnpf/nlvnpf/nlvnpf-0481/manifest.json
nlvnpf-0482,聖諭訓迪十條演義歌/ Thánh dụ huấn địch thập điều diễn nghĩa ca,https://dzkimgs.l.u-tokyo.ac.jp/iiif/vnpf/nlvnpf/nlvnpf-0482/manifest.json
nlvnpf-0483,声教迄于四海賦/ Thanh giáo hất vu tứ hải phú,https://dzkimgs.l.u-tokyo.ac.jp/iiif/vnpf/nlvnpf/nlvnpf-0483/manifest.json
nlvnpf-0484,聖母方名/ Thánh mẫu phương danh,https://dzkimgs.l.u-tokyo.ac.jp/iiif/vnpf/nlvnpf/nlvnpf-0484/manifest.json
nlvnpf-0485,聖祖偈演國音/ Thánh tổ kệ diễn quốc âm,https://dzkimgs.l.u-tokyo.ac.jp/iiif/vnpf/nlvnpf/nlvnpf-0485/manifest.json
nlvnpf-0486,拾恩經演歌/ Thập ân kinh diễn ca,https://dzkimgs.l.u-tokyo.ac.jp/iiif/vnpf/nlvnpf/nlvnpf-0486/manifest.json
nlvnpf-0487,十干定吉凶歌訣/ Thập can định cát hung ca quyết,https://dzkimgs.l.u-tokyo.ac.jp/iiif/vnpf/nlvnpf/nlvnpf-0487/manifest.json
nlvnpf-0488,十科策略/ Thập khoa sách lược,https://dzkimgs.l.u-tokyo.ac.jp/iiif/vnpf/nlvnpf/nlvnpf-0488/manifest.json
nlvnpf-0490,壽世寶源/ Thọ thế bảo nguyên,https://dzkimgs.l.u-tokyo.ac.jp/iiif/vnpf/nlvnpf/nlvnpf-0490/manifest.json
nlvnpf-0491,辰文雜編/ Thời văn tạp biên,https://dzkimgs.l.u-tokyo.ac.jp/iiif/vnpf/nlvnpf/nlvnpf-0491/manifest.json
nlvnpf-0492,統哭古人書/ Thống khốc cổ nhân thư,https://dzkimgs.l.u-tokyo.ac.jp/iiif/vnpf/nlvnpf/nlvnpf-0492/manifest.json
nlvnpf-0493,統宗算法/ Thống tông toán pháp,https://dzkimgs.l.u-tokyo.ac.jp/iiif/vnpf/nlvnpf/nlvnpf-0493/manifest.json
nlvnpf-0495,傷寒集解國音歌/ Thương hàn tập giải quốc âm ca,https://dzkimgs.l.u-tokyo.ac.jp/iiif/vnpf/nlvnpf/nlvnpf-0495/manifest.json
nlvnpf-0501,愛州和正先生錄/ Ái Châu Hoà Chính tiên sinh lục,https://dzkimgs.l.u-tokyo.ac.jp/iiif/vnpf/nlvnpf/nlvnpf-0501/manifest.json
nlvnpf-0503,安南地搞記/ An Nam địa cảo ký,https://dzkimgs.l.u-tokyo.ac.jp/iiif/vnpf/nlvnpf/nlvnpf-0503/manifest.json
nlvnpf-0504,安南地理搞/ An Nam địa lý cảo,https://dzkimgs.l.u-tokyo.ac.jp/iiif/vnpf/nlvnpf/nlvnpf-0504/manifest.json
nlvnpf-0505,安南九龍歌/ An Nam cửu long ca,https://dzkimgs.l.u-tokyo.ac.jp/iiif/vnpf/nlvnpf/nlvnpf-0505/manifest.json
nlvnpf-0506,安南一統志/ An Nam nhất thống chí,https://dzkimgs.l.u-tokyo.ac.jp/iiif/vnpf/nlvnpf/nlvnpf-0506/manifest.json
nlvnpf-0507,安南初學史/ An Nam sơ học sử,https://dzkimgs.l.u-tokyo.ac.jp/iiif/vnpf/nlvnpf/nlvnpf-0507/manifest.json
nlvnpf-0508,安紫微國語歌/ An tử vi quốc ngữ ca,https://dzkimgs.l.u-tokyo.ac.jp/iiif/vnpf/nlvnpf/nlvnpf-0508/manifest.json
nlvnpf-0509,英雅集/ Anh nhã tập,https://dzkimgs.l.u-tokyo.ac.jp/iiif/vnpf/nlvnpf/nlvnpf-0509/manifest.json
nlvnpf-0511,[ 博文錄]/ [Bác văn lục],https://dzkimgs.l.u-tokyo.ac.jp/iiif/vnpf/nlvnpf/nlvnpf-0511/manifest.json
nlvnpf-0513,百症藥詩家傳/ Bách chứng dược thi gia truyền,https://dzkimgs.l.u-tokyo.ac.jp/iiif/vnpf/nlvnpf/nlvnpf-0513/manifest.json
nlvnpf-0514,白馬大王事跡/ Bạch Mã đại vương sự tích,https://dzkimgs.l.u-tokyo.ac.jp/iiif/vnpf/nlvnpf/nlvnpf-0514/manifest.json
nlvnpf-0515,[白云庵詩集]/ [Bạch Vân Am thi tập],https://dzkimgs.l.u-tokyo.ac.jp/iiif/vnpf/nlvnpf/nlvnpf-0515/manifest.json
nlvnpf-0516,本國南藥品記/ Bản quốc nam dược phẩm ký,https://dzkimgs.l.u-tokyo.ac.jp/iiif/vnpf/nlvnpf/nlvnpf-0516/manifest.json
nlvnpf-0517,本國左𬇚先生地理立成歌/ Bản quốc Tả Ao tiên sinh địa lý lập thành ca,https://dzkimgs.l.u-tokyo.ac.jp/iiif/vnpf/nlvnpf/nlvnpf-0517/manifest.json
nlvnpf-0520,保胎神效全書觧音/ Bảo thai thần hiệu toàn thư giải âm,https://dzkimgs.l.u-tokyo.ac.jp/iiif/vnpf/nlvnpf/nlvnpf-0520/manifest.json
nlvnpf-0521,保赤便吟/ Bảo xích tiện ngâm,https://dzkimgs.l.u-tokyo.ac.jp/iiif/vnpf/nlvnpf/nlvnpf-0521/manifest.json
nlvnpf-0522,北寧省督學武魯庵/ Bắc Ninh tỉnh đốc học Vũ Lỗ Am,https://dzkimgs.l.u-tokyo.ac.jp/iiif/vnpf/nlvnpf/nlvnpf-0522/manifest.json
nlvnpf-0523,不可錄/ Bất khả lục,https://dzkimgs.l.u-tokyo.ac.jp/iiif/vnpf/nlvnpf/nlvnpf-0523/manifest.json
nlvnpf-0524,[表文集]/ [Biểu văn tập],https://dzkimgs.l.u-tokyo.ac.jp/iiif/vnpf/nlvnpf/nlvnpf-0524/manifest.json
nlvnpf-0525,平常理話演國音/ Bình thường lý thoại diễn quốc âm,https://dzkimgs.l.u-tokyo.ac.jp/iiif/vnpf/nlvnpf/nlvnpf-0525/manifest.json
nlvnpf-0526,菩蕯戒經/ Bồ Tát giới kinh,https://dzkimgs.l.u-tokyo.ac.jp/iiif/vnpf/nlvnpf/nlvnpf-0526/manifest.json
nlvnpf-0527,改良蒙學國史教科書/ Cải lương mông học quốc sử giáo khoa thư,https://dzkimgs.l.u-tokyo.ac.jp/iiif/vnpf/nlvnpf/nlvnpf-0527/manifest.json
nlvnpf-0529,感應篇集註/ Cảm ứng thiên tập chú,https://dzkimgs.l.u-tokyo.ac.jp/iiif/vnpf/nlvnpf/nlvnpf-0529/manifest.json
nlvnpf-0530,耕亭課習策文/ Canh Đình khoá tập sách văn,https://dzkimgs.l.u-tokyo.ac.jp/iiif/vnpf/nlvnpf/nlvnpf-0530/manifest.json
nlvnpf-0531,高駢奏書地稿/ Cao Biền tấu thư địa cảo,https://dzkimgs.l.u-tokyo.ac.jp/iiif/vnpf/nlvnpf/nlvnpf-0531/manifest.json
nlvnpf-0533,求德聖奇除災解難/ Cầu Đức Thánh cả trừ tai giải nạn,https://dzkimgs.l.u-tokyo.ac.jp/iiif/vnpf/nlvnpf/nlvnpf-0533/manifest.json
nlvnpf-0534,[針灸法總要]/ [Châm cứu pháp tổng yếu],https://dzkimgs.l.u-tokyo.ac.jp/iiif/vnpf/nlvnpf/nlvnpf-0534/manifest.json
nlvnpf-0535,箴俗佳談/ Châm tục giai đàm,https://dzkimgs.l.u-tokyo.ac.jp/iiif/vnpf/nlvnpf/nlvnpf-0535/manifest.json
nlvnpf-0536,枕戈待旦賦/ Chẩm qua đãi đán phú,https://dzkimgs.l.u-tokyo.ac.jp/iiif/vnpf/nlvnpf/nlvnpf-0536/manifest.json
nlvnpf-0537,真道引觧全書/ Chân đạo dẫn giải toàn thư,https://dzkimgs.l.u-tokyo.ac.jp/iiif/vnpf/nlvnpf/nlvnpf-0537/manifest.json
nlvnpf-0538,真定縣訓導武文奉寄詩/ Chân Định huyện huấn đạo Vũ Văn Phụng ký thi,https://dzkimgs.l.u-tokyo.ac.jp/iiif/vnpf/nlvnpf/nlvnpf-0538/manifest.json
nlvnpf-0539,真福元國公傳/ Chân Phúc Nguyên quốc công truyện,https://dzkimgs.l.u-tokyo.ac.jp/iiif/vnpf/nlvnpf/nlvnpf-0539/manifest.json
nlvnpf-0540,診家正眼/ Chẩn gia chính nhãn,https://dzkimgs.l.u-tokyo.ac.jp/iiif/vnpf/nlvnpf/nlvnpf-0540/manifest.json
nlvnpf-0541,昭琥先生撰史儀義/ Chiêu Hổ tiên sinh soạn sử nghi nghĩa,https://dzkimgs.l.u-tokyo.ac.jp/iiif/vnpf/nlvnpf/nlvnpf-0541/manifest.json
nlvnpf-0543,制科文選/ Chế khoa văn tuyển,https://dzkimgs.l.u-tokyo.ac.jp/iiif/vnpf/nlvnpf/nlvnpf-0543/manifest.json
nlvnpf-0545,至靈縣先賢事跡/ Chí Linh huyện tiên hiền sự tích,https://dzkimgs.l.u-tokyo.ac.jp/iiif/vnpf/nlvnpf/nlvnpf-0545/manifest.json
nlvnpf-0546,指南備要/ Chỉ nam bị yếu,https://dzkimgs.l.u-tokyo.ac.jp/iiif/vnpf/nlvnpf/nlvnpf-0546/manifest.json
nlvnpf-0547,昭君新傳/ Chiêu Quân tân truyện,https://dzkimgs.l.u-tokyo.ac.jp/iiif/vnpf/nlvnpf/nlvnpf-0547/manifest.json
nlvnpf-0548,[詔表]/ [Chiếu biểu],https://dzkimgs.l.u-tokyo.ac.jp/iiif/vnpf/nlvnpf/nlvnpf-0548/manifest.json
nlvnpf-0549,表論文體/ Chiếu biểu luận văn thể,https://dzkimgs.l.u-tokyo.ac.jp/iiif/vnpf/nlvnpf/nlvnpf-0549/manifest.json
nlvnpf-0550,[詔制]/ [Chiếu chế],https://dzkimgs.l.u-tokyo.ac.jp/iiif/vnpf/nlvnpf/nlvnpf-0550/manifest.json
nlvnpf-0551,政經演音/ Chính kinh diễn âm,https://dzkimgs.l.u-tokyo.ac.jp/iiif/vnpf/nlvnpf/nlvnpf-0551/manifest.json
nlvnpf-0553,[周族后忌]/ [Chu tộc hậu kỵ],https://dzkimgs.l.u-tokyo.ac.jp/iiif/vnpf/nlvnpf/nlvnpf-0553/manifest.json
nlvnpf-0554,[囑書]/ [Chúc thư],https://dzkimgs.l.u-tokyo.ac.jp/iiif/vnpf/nlvnpf/nlvnpf-0554/manifest.json
nlvnpf-0555,[囑書]/ [Chúc thư],https://dzkimgs.l.u-tokyo.ac.jp/iiif/vnpf/nlvnpf/nlvnpf-0555/manifest.json
nlvnpf-0556,[諸經日誦]/ [Chư kinh nhật tụng],https://dzkimgs.l.u-tokyo.ac.jp/iiif/vnpf/nlvnpf/nlvnpf-0556/manifest.json
nlvnpf-0557,古用善圓之法/ Cổ dụng thiện viên chi pháp,https://dzkimgs.l.u-tokyo.ac.jp/iiif/vnpf/nlvnpf/nlvnpf-0557/manifest.json
nlvnpf-0560,究息脉/ Cứu tức mạch,https://dzkimgs.l.u-tokyo.ac.jp/iiif/vnpf/nlvnpf/nlvnpf-0560/manifest.json
nlvnpf-0561,九章立成算法/ Cửu chương lập thành toán pháp,https://dzkimgs.l.u-tokyo.ac.jp/iiif/vnpf/nlvnpf/nlvnpf-0561/manifest.json
nlvnpf-0562,九章立成算法/ Cửu chương lập thành toán pháp,https://dzkimgs.l.u-tokyo.ac.jp/iiif/vnpf/nlvnpf/nlvnpf-0562/manifest.json
nlvnpf-0565,埜史略編續紀/ Dã sử lược biên tục kỷ,https://dzkimgs.l.u-tokyo.ac.jp/iiif/vnpf/nlvnpf/nlvnpf-0565/manifest.json
nlvnpf-0566,痘中雜症/ Đậu trúng tạp chứng,https://dzkimgs.l.u-tokyo.ac.jp/iiif/vnpf/nlvnpf/nlvnpf-0566/manifest.json
nlvnpf-0567,[ 地輿誌]/ [Địa dư chí],https://dzkimgs.l.u-tokyo.ac.jp/iiif/vnpf/nlvnpf/nlvnpf-0567/manifest.json
nlvnpf-0569,地理家寶/ Địa lý gia bảo,https://dzkimgs.l.u-tokyo.ac.jp/iiif/vnpf/nlvnpf/nlvnpf-0569/manifest.json
nlvnpf-0570,地理左𬇚家傳/ Địa lý Tả Ao gia truyền,https://dzkimgs.l.u-tokyo.ac.jp/iiif/vnpf/nlvnpf/nlvnpf-0570/manifest.json
nlvnpf-0571,地理便覽/ Địa lý tiện lãm,https://dzkimgs.l.u-tokyo.ac.jp/iiif/vnpf/nlvnpf/nlvnpf-0571/manifest.json
nlvnpf-0572,丁朝事誌/ Đinh triều sự chí,https://dzkimgs.l.u-tokyo.ac.jp/iiif/vnpf/nlvnpf/nlvnpf-0572/manifest.json
nlvnpf-0574,[ 渡蟻橋賦]/ [Độ nghị kiều phú],https://dzkimgs.l.u-tokyo.ac.jp/iiif/vnpf/nlvnpf/nlvnpf-0574/manifest.json
nlvnpf-0575,讀日本并吞中國之策之序文記/ Độc Nhật Bản tính thôn Trung Quốc chi sách chi tự văn ký,https://dzkimgs.l.u-tokyo.ac.jp/iiif/vnpf/nlvnpf/nlvnpf-0575/manifest.json
nlvnpf-0576,讀史摘疑/ Độc sử trích nghi,https://dzkimgs.l.u-tokyo.ac.jp/iiif/vnpf/nlvnpf/nlvnpf-0576/manifest.json
nlvnpf-0577,[ 吊挽聯]/ [Điếu vãn liên],https://dzkimgs.l.u-tokyo.ac.jp/iiif/vnpf/nlvnpf/nlvnpf-0577/manifest.json
nlvnpf-0578,獨坐深夜偶感/ Độc tọa thâm dạ ngẫu cảm,https://dzkimgs.l.u-tokyo.ac.jp/iiif/vnpf/nlvnpf/nlvnpf-0578/manifest.json
nlvnpf-0579,[對聯集]/ [Đối liên tập],https://dzkimgs.l.u-tokyo.ac.jp/iiif/vnpf/nlvnpf/nlvnpf-0579/manifest.json
nlvnpf-0580,[ 對聯集]/ [Đối liên tập],https://dzkimgs.l.u-tokyo.ac.jp/iiif/vnpf/nlvnpf/nlvnpf-0580/manifest.json
nlvnpf-0581,對聯集/ Đối liên tập,https://dzkimgs.l.u-tokyo.ac.jp/iiif/vnpf/nlvnpf/nlvnpf-0581/manifest.json
nlvnpf-0582,[對聯祭文雜抄]/ [Đối liên tế văn tạp sao],https://dzkimgs.l.u-tokyo.ac.jp/iiif/vnpf/nlvnpf/nlvnpf-0582/manifest.json
nlvnpf-0583,對策准繩/ Đối sách chuẩn thằng,https://dzkimgs.l.u-tokyo.ac.jp/iiif/vnpf/nlvnpf/nlvnpf-0583/manifest.json
nlvnpf-0584,東洋政治/ Đông Dương chính trị,https://dzkimgs.l.u-tokyo.ac.jp/iiif/vnpf/nlvnpf/nlvnpf-0584/manifest.json
nlvnpf-0585,東洋政治政治地誌集編/ Đông Dương chính trị địa chí tập biên,https://dzkimgs.l.u-tokyo.ac.jp/iiif/vnpf/nlvnpf/nlvnpf-0585/manifest.json
nlvnpf-0586,東洋文集/ Đông Dương văn tập,https://dzkimgs.l.u-tokyo.ac.jp/iiif/vnpf/nlvnpf/nlvnpf-0586/manifest.json
nlvnpf-0587,東野學言詩集/ Đông Dã học ngôn thi tập,https://dzkimgs.l.u-tokyo.ac.jp/iiif/vnpf/nlvnpf/nlvnpf-0587/manifest.json
nlvnpf-0588,東海大王事跡/ Đông Hải Đại vương sự tích,https://dzkimgs.l.u-tokyo.ac.jp/iiif/vnpf/nlvnpf/nlvnpf-0588/manifest.json
nlvnpf-0589,加減十三方/ Gia giảm thập tam phương,https://dzkimgs.l.u-tokyo.ac.jp/iiif/vnpf/nlvnpf/nlvnpf-0589/manifest.json
nlvnpf-0590,家禮或問/ Gia lễ hoặc vấn,https://dzkimgs.l.u-tokyo.ac.jp/iiif/vnpf/nlvnpf/nlvnpf-0590/manifest.json
nlvnpf-0591,家傳活嬰祕書/ Gia truyền hoạt anh bí thư,https://dzkimgs.l.u-tokyo.ac.jp/iiif/vnpf/nlvnpf/nlvnpf-0591/manifest.json
nlvnpf-0592,蔗山燕語/ Giá sơn yến ngữ,https://dzkimgs.l.u-tokyo.ac.jp/iiif/vnpf/nlvnpf/nlvnpf-0592/manifest.json
nlvnpf-0593,戒殺放生文/ Giới sát phóng sinh văn,https://dzkimgs.l.u-tokyo.ac.jp/iiif/vnpf/nlvnpf/nlvnpf-0593/manifest.json
nlvnpf-0594,河内學正探花武范咸集正文/ Hà Nội học chính thám hoa Vũ Phạm Hàm tập văn,https://dzkimgs.l.u-tokyo.ac.jp/iiif/vnpf/nlvnpf/nlvnpf-0594/manifest.json
nlvnpf-0595,海外血書/ Hải ngoại huyết thư,https://dzkimgs.l.u-tokyo.ac.jp/iiif/vnpf/nlvnpf/nlvnpf-0595/manifest.json
nlvnpf-0596,喜雨詩/ Hỉ vũ thi,https://dzkimgs.l.u-tokyo.ac.jp/iiif/vnpf/nlvnpf/nlvnpf-0596/manifest.json
nlvnpf-0597,華堂安適候立齋先生詩集/ Hoa Đường An Thích hầu Lập Trai tiên sinh thi tập,https://dzkimgs.l.u-tokyo.ac.jp/iiif/vnpf/nlvnpf/nlvnpf-0597/manifest.json
nlvnpf-0598,河内省文庙/ Hà Nội tỉnh Văn Miếu,https://dzkimgs.l.u-tokyo.ac.jp/iiif/vnpf/nlvnpf/nlvnpf-0598/manifest.json
nlvnpf-0600,皇明四夷/ Hoàng Minh tứ di,https://dzkimgs.l.u-tokyo.ac.jp/iiif/vnpf/nlvnpf/nlvnpf-0600/manifest.json
nlvnpf-0601,皇朝一統地輿誌/ Hoàng triều nhất thống địa dư chí,https://dzkimgs.l.u-tokyo.ac.jp/iiif/vnpf/nlvnpf/nlvnpf-0601/manifest.json
nlvnpf-0602,皇越詩選/ Hoàng Việt thi tuyển,https://dzkimgs.l.u-tokyo.ac.jp/iiif/vnpf/nlvnpf/nlvnpf-0602/manifest.json
nlvnpf-0603,皇越春秋/ Hoàng Việt xuân thu,https://dzkimgs.l.u-tokyo.ac.jp/iiif/vnpf/nlvnpf/nlvnpf-0603/manifest.json
nlvnpf-0604,活幼心法大全/ Hoạt ấu tâm pháp đại toàn,https://dzkimgs.l.u-tokyo.ac.jp/iiif/vnpf/nlvnpf/nlvnpf-0604/manifest.json
nlvnpf-0605,學海場 門生浴沂譜/ Học Hải trường môn sinh dục nghi phổ,https://dzkimgs.l.u-tokyo.ac.jp/iiif/vnpf/nlvnpf/nlvnpf-0605/manifest.json
nlvnpf-0607,學規新場開設/ Học quy tân trường khai thiết,https://dzkimgs.l.u-tokyo.ac.jp/iiif/vnpf/nlvnpf/nlvnpf-0607/manifest.json
nlvnpf-0608,槐軒名家詩解/ Hòe hiên danh gia thi giải,https://dzkimgs.l.u-tokyo.ac.jp/iiif/vnpf/nlvnpf/nlvnpf-0608/manifest.json
nlvnpf-0609,胡主席寄父老全國書/ Hồ Chủ Tịch ký phụ lão toàn quốc thư,https://dzkimgs.l.u-tokyo.ac.jp/iiif/vnpf/nlvnpf/nlvnpf-0609/manifest.json
nlvnpf-0610,葫樣詩集/ Hồ Dạng thi tập,https://dzkimgs.l.u-tokyo.ac.jp/iiif/vnpf/nlvnpf/nlvnpf-0610/manifest.json
nlvnpf-0612,洪蒙課𠸗盘古各跡傳/ Hồng Mông thuở xưa Bàn Cổ các tích truyện,https://dzkimgs.l.u-tokyo.ac.jp/iiif/vnpf/nlvnpf/nlvnpf-0612/manifest.json
nlvnpf-0613,洪武大定地理禁書/ Hồng Vũ đại định địa lý cấm thư,https://dzkimgs.l.u-tokyo.ac.jp/iiif/vnpf/nlvnpf/nlvnpf-0613/manifest.json
nlvnpf-0614,香跡峒日程/ Hương Tích động nhật trình,https://dzkimgs.l.u-tokyo.ac.jp/iiif/vnpf/nlvnpf/nlvnpf-0614/manifest.json
nlvnpf-0615,香約𰐁上溪/ Hương ước làng Thượng Khê,https://dzkimgs.l.u-tokyo.ac.jp/iiif/vnpf/nlvnpf/nlvnpf-0615/manifest.json
nlvnpf-0616,鄉约社東結/ Hương ước xã Đông Kết,https://dzkimgs.l.u-tokyo.ac.jp/iiif/vnpf/nlvnpf/nlvnpf-0616/manifest.json
nlvnpf-0617,啓童説約/ Khải đồng thuyết ước,https://dzkimgs.l.u-tokyo.ac.jp/iiif/vnpf/nlvnpf/nlvnpf-0617/manifest.json
nlvnpf-0618,考課文/ Khảo khóa văn,https://dzkimgs.l.u-tokyo.ac.jp/iiif/vnpf/nlvnpf/nlvnpf-0618/manifest.json
nlvnpf-0619,慶賀詩對聯/ Khánh hạ thi đối liên,https://dzkimgs.l.u-tokyo.ac.jp/iiif/vnpf/nlvnpf/nlvnpf-0619/manifest.json
nlvnpf-0621,欽定梵音大悲/ Khâm định phạn âm đại bi,https://dzkimgs.l.u-tokyo.ac.jp/iiif/vnpf/nlvnpf/nlvnpf-0621/manifest.json
nlvnpf-0622,[嘯能靜詩文雜錄]/ [Khiếu Năng Tĩnh thi văn tạp lục],https://dzkimgs.l.u-tokyo.ac.jp/iiif/vnpf/nlvnpf/nlvnpf-0622/manifest.json
nlvnpf-0623,孔𭓇精神論/ Khổng học tinh thần luận,https://dzkimgs.l.u-tokyo.ac.jp/iiif/vnpf/nlvnpf/nlvnpf-0623/manifest.json
nlvnpf-0624,孔明先生馬前卦/ Khổng Minh tiên sinh mã tiền quái,https://dzkimgs.l.u-tokyo.ac.jp/iiif/vnpf/nlvnpf/nlvnpf-0624/manifest.json
nlvnpf-0625,勸孝書/ Khuyến hiếu thư,https://dzkimgs.l.u-tokyo.ac.jp/iiif/vnpf/nlvnpf/nlvnpf-0625/manifest.json
nlvnpf-0626,勸孝書/ Khuyến hiếu thư,https://dzkimgs.l.u-tokyo.ac.jp/iiif/vnpf/nlvnpf/nlvnpf-0626/manifest.json
nlvnpf-0627,翹雲記託/ Kiều Vân ký thác,https://dzkimgs.l.u-tokyo.ac.jp/iiif/vnpf/nlvnpf/nlvnpf-0627/manifest.json
nlvnpf-0628,金剛般若波羅密經集注/ Kim Cương Bát Nhã Ba La mật kinh tập chú,https://dzkimgs.l.u-tokyo.ac.jp/iiif/vnpf/nlvnpf/nlvnpf-0628/manifest.json
nlvnpf-0629,經驗單方/ Kinh nghiệm đơn phương,https://dzkimgs.l.u-tokyo.ac.jp/iiif/vnpf/nlvnpf/nlvnpf-0629/manifest.json
nlvnpf-0630,[金星寶璽]/ [Kim tinh bảo tỉ],https://dzkimgs.l.u-tokyo.ac.jp/iiif/vnpf/nlvnpf/nlvnpf-0630/manifest.json
nlvnpf-0632,欽天解厄經/ Khâm thiên giải ách kinh,https://dzkimgs.l.u-tokyo.ac.jp/iiif/vnpf/nlvnpf/nlvnpf-0632/manifest.json
nlvnpf-0633,經治婦人小兒諸症總畧/ Kinh trị phụ nhân tiểu nhi chư chứng tổng lược,https://dzkimgs.l.u-tokyo.ac.jp/iiif/vnpf/nlvnpf/nlvnpf-0633/manifest.json
nlvnpf-0634,吕祖師救刼度人懺/ Lã tổ sư cứu kiếp độ nhân sám,https://dzkimgs.l.u-tokyo.ac.jp/iiif/vnpf/nlvnpf/nlvnpf-0634/manifest.json
nlvnpf-0635,蠡測問答/ Lãi trắc vấn đáp,https://dzkimgs.l.u-tokyo.ac.jp/iiif/vnpf/nlvnpf/nlvnpf-0635/manifest.json
nlvnpf-0637,樂生心得/ Lạc sinh tâm đắc,https://dzkimgs.l.u-tokyo.ac.jp/iiif/vnpf/nlvnpf/nlvnpf-0637/manifest.json
nlvnpf-0638,樂生心得經治國語歌/ Lạc sinh tâm đắc kinh trị quốc ngữ ca,https://dzkimgs.l.u-tokyo.ac.jp/iiif/vnpf/nlvnpf/nlvnpf-0638/manifest.json
nlvnpf-0640,立齋先生遺文正筆/ Lập Trai Tiên sinh di văn chính bút,https://dzkimgs.l.u-tokyo.ac.jp/iiif/vnpf/nlvnpf/nlvnpf-0640/manifest.json
nlvnpf-0641,[黎克謹集]/ [Lê Khắc Cẩn tập],https://dzkimgs.l.u-tokyo.ac.jp/iiif/vnpf/nlvnpf/nlvnpf-0641/manifest.json
nlvnpf-0642,黎克謹公文集/ Lê Khắc Cẩn công văn tập,https://dzkimgs.l.u-tokyo.ac.jp/iiif/vnpf/nlvnpf/nlvnpf-0642/manifest.json
nlvnpf-0643,黎阮年代/ Lê Nguyễn niên đại,https://dzkimgs.l.u-tokyo.ac.jp/iiif/vnpf/nlvnpf/nlvnpf-0643/manifest.json
nlvnpf-0644,黎先生正傳痛目祕方/ Lê Tiên sinh chính truyền thống mục bí phương,https://dzkimgs.l.u-tokyo.ac.jp/iiif/vnpf/nlvnpf/nlvnpf-0644/manifest.json
nlvnpf-0645,黎朝帝王事業/ Lê triều đế vương sự nghiệp,https://dzkimgs.l.u-tokyo.ac.jp/iiif/vnpf/nlvnpf/nlvnpf-0645/manifest.json
nlvnpf-0646,黎朝聖宗淳皇帝御製勸學文/ Lê triều Thánh Tông Thuần hoàng đế ngự chế khuyến học văn,https://dzkimgs.l.u-tokyo.ac.jp/iiif/vnpf/nlvnpf/nlvnpf-0646/manifest.json
nlvnpf-0648,樂善國音眞經/ Lạc thiện quốc âm chân kinh,https://dzkimgs.l.u-tokyo.ac.jp/iiif/vnpf/nlvnpf/nlvnpf-0648/manifest.json
nlvnpf-0649,黎朝史記/ Lê triều sử ký,https://dzkimgs.l.u-tokyo.ac.jp/iiif/vnpf/nlvnpf/nlvnpf-0649/manifest.json
nlvnpf-0650,列女傳詩/ Liệt nữ truyện thi,https://dzkimgs.l.u-tokyo.ac.jp/iiif/vnpf/nlvnpf/nlvnpf-0650/manifest.json
nlvnpf-0651,嶺南摭怪/ Lĩnh Nam chích quái,https://dzkimgs.l.u-tokyo.ac.jp/iiif/vnpf/nlvnpf/nlvnpf-0651/manifest.json
nlvnpf-0652,嶺南摭怪列傳/ Lĩnh Nam chích quái liệt truyện,https://dzkimgs.l.u-tokyo.ac.jp/iiif/vnpf/nlvnpf/nlvnpf-0652/manifest.json
nlvnpf-0653,六味加減法/ Lục vị gia giảm pháp,https://dzkimgs.l.u-tokyo.ac.jp/iiif/vnpf/nlvnpf/nlvnpf-0653/manifest.json
nlvnpf-0654,馬前卜法/ Mã tiền bốc pháp,https://dzkimgs.l.u-tokyo.ac.jp/iiif/vnpf/nlvnpf/nlvnpf-0654/manifest.json
nlvnpf-0655,脉部位觧/ Mạch bộ vị giải,https://dzkimgs.l.u-tokyo.ac.jp/iiif/vnpf/nlvnpf/nlvnpf-0655/manifest.json
nlvnpf-0656,脉頭歌括/ Mạch đầu ca quát,https://dzkimgs.l.u-tokyo.ac.jp/iiif/vnpf/nlvnpf/nlvnpf-0656/manifest.json
nlvnpf-0657,歷科四錄/ Lịch khoa tứ lục,https://dzkimgs.l.u-tokyo.ac.jp/iiif/vnpf/nlvnpf/nlvnpf-0657/manifest.json
nlvnpf-0658,歷代名臣言行綠/ Lịch đại danh thần ngôn hành lục,https://dzkimgs.l.u-tokyo.ac.jp/iiif/vnpf/nlvnpf/nlvnpf-0658/manifest.json
nlvnpf-0659,脈法/ Mạch pháp,https://dzkimgs.l.u-tokyo.ac.jp/iiif/vnpf/nlvnpf/nlvnpf-0659/manifest.json
nlvnpf-0660,梅山吟草/ Mai Sơn ngâm thảo,https://dzkimgs.l.u-tokyo.ac.jp/iiif/vnpf/nlvnpf/nlvnpf-0660/manifest.json
nlvnpf-0661,梅山文草/ Mai Sơn văn thảo,https://dzkimgs.l.u-tokyo.ac.jp/iiif/vnpf/nlvnpf/nlvnpf-0661/manifest.json
nlvnpf-0662,孟子節要/ Mạnh Tử tiết yếu,https://dzkimgs.l.u-tokyo.ac.jp/iiif/vnpf/nlvnpf/nlvnpf-0662/manifest.json
nlvnpf-0663,明道家訓/ Minh đạo gia huấn,https://dzkimgs.l.u-tokyo.ac.jp/iiif/vnpf/nlvnpf/nlvnpf-0663/manifest.json
nlvnpf-0664,明倫撮要歌/ Minh luân toát yếu ca,https://dzkimgs.l.u-tokyo.ac.jp/iiif/vnpf/nlvnpf/nlvnpf-0664/manifest.json
nlvnpf-0665,慕澤黎氏家譜事跡記/ Mộ trạch Lê thị gia phả sự tích ký,https://dzkimgs.l.u-tokyo.ac.jp/iiif/vnpf/nlvnpf/nlvnpf-0665/manifest.json
nlvnpf-0666,南邦策學/ Nam Bang sách học,https://dzkimgs.l.u-tokyo.ac.jp/iiif/vnpf/nlvnpf/nlvnpf-0666/manifest.json
nlvnpf-0667,南藥神經/ Nam dược thần kinh,https://dzkimgs.l.u-tokyo.ac.jp/iiif/vnpf/nlvnpf/nlvnpf-0667/manifest.json
nlvnpf-0668,男女交合附論/ Nam nữ giao hợp phụ luận,https://dzkimgs.l.u-tokyo.ac.jp/iiif/vnpf/nlvnpf/nlvnpf-0668/manifest.json
nlvnpf-0670,南國佳事/ Nam quốc giai sự,https://dzkimgs.l.u-tokyo.ac.jp/iiif/vnpf/nlvnpf/nlvnpf-0670/manifest.json
nlvnpf-0671,南山窗課/ Nam Sơn song khoá,https://dzkimgs.l.u-tokyo.ac.jp/iiif/vnpf/nlvnpf/nlvnpf-0671/manifest.json
nlvnpf-0672,南史/ Nam sử,https://dzkimgs.l.u-tokyo.ac.jp/iiif/vnpf/nlvnpf/nlvnpf-0672/manifest.json
nlvnpf-0673,南詩新選/ Nam thi tân tuyển,https://dzkimgs.l.u-tokyo.ac.jp/iiif/vnpf/nlvnpf/nlvnpf-0673/manifest.json
nlvnpf-0674,南越地圖國音歌/ Nam Việt địa đồ quốc âm ca,https://dzkimgs.l.u-tokyo.ac.jp/iiif/vnpf/nlvnpf/nlvnpf-0674/manifest.json
nlvnpf-0675,外科樞要大全/ Ngoại khoa khu yếu đại toàn,https://dzkimgs.l.u-tokyo.ac.jp/iiif/vnpf/nlvnpf/nlvnpf-0675/manifest.json
nlvnpf-0676,玉皇普度尊經國音/ Ngọc hoàng phổ độ tôn kinh quốc âm,https://dzkimgs.l.u-tokyo.ac.jp/iiif/vnpf/nlvnpf/nlvnpf-0676/manifest.json
nlvnpf-0677,玉曆至寶編/ Ngọc lịch chí bảo biên,https://dzkimgs.l.u-tokyo.ac.jp/iiif/vnpf/nlvnpf/nlvnpf-0677/manifest.json
nlvnpf-0678,吳家文派賦類/ Ngô gia văn phái phú loại,https://dzkimgs.l.u-tokyo.ac.jp/iiif/vnpf/nlvnpf/nlvnpf-0678/manifest.json
nlvnpf-0679,吾黃甲詩集/ Ngô hoàng giáp thi tập,https://dzkimgs.l.u-tokyo.ac.jp/iiif/vnpf/nlvnpf/nlvnpf-0679/manifest.json
nlvnpf-0680,南國地輿幼學敎科書/ Nam quốc địa dư ấu học giáo khoa thư,https://dzkimgs.l.u-tokyo.ac.jp/iiif/vnpf/nlvnpf/nlvnpf-0680/manifest.json
nlvnpf-0681,五章地理/ Ngũ chương địa lý,https://dzkimgs.l.u-tokyo.ac.jp/iiif/vnpf/nlvnpf/nlvnpf-0681/manifest.json
nlvnpf-0682,五綸記/ Ngũ luân ký,https://dzkimgs.l.u-tokyo.ac.jp/iiif/vnpf/nlvnpf/nlvnpf-0682/manifest.json
nlvnpf-0683,五千字譯國語/ Ngũ thiên tự dịch quốc ngữ,https://dzkimgs.l.u-tokyo.ac.jp/iiif/vnpf/nlvnpf/nlvnpf-0683/manifest.json
nlvnpf-0684,五雲摟增訂四體書法/ Ngũ vân lâu tăng đính tứ thể thư pháp,https://dzkimgs.l.u-tokyo.ac.jp/iiif/vnpf/nlvnpf/nlvnpf-0684/manifest.json
nlvnpf-0685,阮堂譜記/ Nguyễn đường phả ký,https://dzkimgs.l.u-tokyo.ac.jp/iiif/vnpf/nlvnpf/nlvnpf-0685/manifest.json
nlvnpf-0686,阮族家譜/ Nguyễn tộc gia phả,https://dzkimgs.l.u-tokyo.ac.jp/iiif/vnpf/nlvnpf/nlvnpf-0686/manifest.json
nlvnpf-0687,阮纘夫登楷哀集/ Nguyễn toản phu đăng giai ai tập,https://dzkimgs.l.u-tokyo.ac.jp/iiif/vnpf/nlvnpf/nlvnpf-0687/manifest.json
nlvnpf-0689,人數鄕飲/ Nhân số hương ẩm,https://dzkimgs.l.u-tokyo.ac.jp/iiif/vnpf/nlvnpf/nlvnpf-0689/manifest.json
nlvnpf-0690,人身賦/ Nhân thân phú,https://dzkimgs.l.u-tokyo.ac.jp/iiif/vnpf/nlvnpf/nlvnpf-0690/manifest.json
nlvnpf-0691,閒詠詩歌/ Nhàn vịnh thi ca,https://dzkimgs.l.u-tokyo.ac.jp/iiif/vnpf/nlvnpf/nlvnpf-0691/manifest.json
nlvnpf-0693,日用常談/ Nhật dụng thường đàm,https://dzkimgs.l.u-tokyo.ac.jp/iiif/vnpf/nlvnpf/nlvnpf-0693/manifest.json
nlvnpf-0694,二味集/ Nhị vị tập,https://dzkimgs.l.u-tokyo.ac.jp/iiif/vnpf/nlvnpf/nlvnpf-0694/manifest.json
nlvnpf-0695,邇雅/ Nhĩ nhã,https://dzkimgs.l.u-tokyo.ac.jp/iiif/vnpf/nlvnpf/nlvnpf-0695/manifest.json
nlvnpf-0696,譜記廟墓/ Phả ký miếu mộ,https://dzkimgs.l.u-tokyo.ac.jp/iiif/vnpf/nlvnpf/nlvnpf-0696/manifest.json
nlvnpf-0697,法主脱格/ Pháp chủ thoát cách,https://dzkimgs.l.u-tokyo.ac.jp/iiif/vnpf/nlvnpf/nlvnpf-0697/manifest.json
nlvnpf-0698,分類賦學指南/ Phân loại phú học chỉ nam,https://dzkimgs.l.u-tokyo.ac.jp/iiif/vnpf/nlvnpf/nlvnpf-0698/manifest.json
nlvnpf-0701,凣情俾膺天祿/ Phàm tình tỉ ứng thiên lộc,https://dzkimgs.l.u-tokyo.ac.jp/iiif/vnpf/nlvnpf/nlvnpf-0701/manifest.json
nlvnpf-0702,潘佩珠小史/ Phan Bội Châu tiểu sử,https://dzkimgs.l.u-tokyo.ac.jp/iiif/vnpf/nlvnpf/nlvnpf-0702/manifest.json
nlvnpf-0703,潘陳傳重閲/ Phan Trần truyện trùng duyệt,https://dzkimgs.l.u-tokyo.ac.jp/iiif/vnpf/nlvnpf/nlvnpf-0703/manifest.json
nlvnpf-0704,普通讀本/ Phổ thông độc bản,https://dzkimgs.l.u-tokyo.ac.jp/iiif/vnpf/nlvnpf/nlvnpf-0704/manifest.json
nlvnpf-0705,芙蒥阮先生詩集/ Phù lưu Nguyễn tiên sinh thi tập,https://dzkimgs.l.u-tokyo.ac.jp/iiif/vnpf/nlvnpf/nlvnpf-0705/manifest.json
nlvnpf-0706,賦義集/ Phú  nghĩa tập,https://dzkimgs.l.u-tokyo.ac.jp/iiif/vnpf/nlvnpf/nlvnpf-0706/manifest.json
nlvnpf-0708,賦川後儒槁/ Phú xuyên hậu nho cảo,https://dzkimgs.l.u-tokyo.ac.jp/iiif/vnpf/nlvnpf/nlvnpf-0708/manifest.json
nlvnpf-0710,婦孺淺史歌/ Phụ nhụ thiển sử ca,https://dzkimgs.l.u-tokyo.ac.jp/iiif/vnpf/nlvnpf/nlvnpf-0710/manifest.json
nlvnpf-0711,奉使燕臺總歌/ Phụng sứ yên đài tổng ca,https://dzkimgs.l.u-tokyo.ac.jp/iiif/vnpf/nlvnpf/nlvnpf-0711/manifest.json
nlvnpf-0712,觀音真經演義/ Quan âm chân kinh diễn nghĩa,https://dzkimgs.l.u-tokyo.ac.jp/iiif/vnpf/nlvnpf/nlvnpf-0712/manifest.json
nlvnpf-0713,觀音註觧新傳/ Quan âm chú giải tân truyện,https://dzkimgs.l.u-tokyo.ac.jp/iiif/vnpf/nlvnpf/nlvnpf-0713/manifest.json
nlvnpf-0714,光明修德經文/ Quang minh tu đức kinh văn,https://dzkimgs.l.u-tokyo.ac.jp/iiif/vnpf/nlvnpf/nlvnpf-0714/manifest.json
nlvnpf-0715,君子有孝子/ Quân tử hữu hiếu tử,https://dzkimgs.l.u-tokyo.ac.jp/iiif/vnpf/nlvnpf/nlvnpf-0715/manifest.json
nlvnpf-0716,群方近跡/ Quần phương cận tích,https://dzkimgs.l.u-tokyo.ac.jp/iiif/vnpf/nlvnpf/nlvnpf-0716/manifest.json
nlvnpf-0717,桂山詩集/ Quế Sơn thi tập,https://dzkimgs.l.u-tokyo.ac.jp/iiif/vnpf/nlvnpf/nlvnpf-0717/manifest.json
nlvnpf-0718,國史練文/ Quốc sử luyện văn,https://dzkimgs.l.u-tokyo.ac.jp/iiif/vnpf/nlvnpf/nlvnpf-0718/manifest.json
nlvnpf-0719,國朝前編撮要/ Quốc triều tiền biên toát yếu,https://dzkimgs.l.u-tokyo.ac.jp/iiif/vnpf/nlvnpf/nlvnpf-0719/manifest.json
nlvnpf-0720,桂山先生場文/ Quế Sơn Tiên sinh trường văn,https://dzkimgs.l.u-tokyo.ac.jp/iiif/vnpf/nlvnpf/nlvnpf-0720/manifest.json
nlvnpf-0721,隂騭解音/ Âm chất giải âm,https://dzkimgs.l.u-tokyo.ac.jp/iiif/vnpf/nlvnpf/nlvnpf-0721/manifest.json
nlvnpf-0722,隂騭文註證/ Âm chất văn chú chứng,https://dzkimgs.l.u-tokyo.ac.jp/iiif/vnpf/nlvnpf/nlvnpf-0722/manifest.json
nlvnpf-0723,瘡疡經驗全書/ Sang dương kinh nghiệm toàn thư,https://dzkimgs.l.u-tokyo.ac.jp/iiif/vnpf/nlvnpf/nlvnpf-0723/manifest.json
nlvnpf-0724,&#393227;各𣈜礼觥𢆥讀⿰重中務⿰口⿱文木/ Sách các ngày lễ quanh năm đọc trong mùa chay,https://dzkimgs.l.u-tokyo.ac.jp/iiif/vnpf/nlvnpf/nlvnpf-0724/manifest.json
nlvnpf-0725,茦學提綱/ Sách học đề cương,https://dzkimgs.l.u-tokyo.ac.jp/iiif/vnpf/nlvnpf/nlvnpf-0725/manifest.json
nlvnpf-0727,册傳各聖撮要/ Sách truyện các thánh toát yếu,https://dzkimgs.l.u-tokyo.ac.jp/iiif/vnpf/nlvnpf/nlvnpf-0727/manifest.json
nlvnpf-0728,策文新式/ Sách văn tân thức,https://dzkimgs.l.u-tokyo.ac.jp/iiif/vnpf/nlvnpf/nlvnpf-0728/manifest.json
nlvnpf-0729,[敕封廣澤大王]/ [Sắc phong Quảng Trạch Đại vương],https://dzkimgs.l.u-tokyo.ac.jp/iiif/vnpf/nlvnpf/nlvnpf-0729/manifest.json
nlvnpf-0730,[士子同門會]/ [Sĩ tử đồng môn hội],https://dzkimgs.l.u-tokyo.ac.jp/iiif/vnpf/nlvnpf/nlvnpf-0730/manifest.json
nlvnpf-0731,初學靈犀/ Sơ học linh tê,https://dzkimgs.l.u-tokyo.ac.jp/iiif/vnpf/nlvnpf/nlvnpf-0731/manifest.json
nlvnpf-0732,初學問津/ Sơ học vấn tân,https://dzkimgs.l.u-tokyo.ac.jp/iiif/vnpf/nlvnpf/nlvnpf-0732/manifest.json
nlvnpf-0733,山鍾海毓/ Sơn chung hải dục,https://dzkimgs.l.u-tokyo.ac.jp/iiif/vnpf/nlvnpf/nlvnpf-0733/manifest.json
nlvnpf-0734,山聖古蹟/ Sơn thánh cổ tích,https://dzkimgs.l.u-tokyo.ac.jp/iiif/vnpf/nlvnpf/nlvnpf-0734/manifest.json
nlvnpf-0735,史歌/ Sử ca,https://dzkimgs.l.u-tokyo.ac.jp/iiif/vnpf/nlvnpf/nlvnpf-0735/manifest.json
nlvnpf-0737,征婦吟備錄/ Chinh phụ ngâm bị lục,https://dzkimgs.l.u-tokyo.ac.jp/iiif/vnpf/nlvnpf/nlvnpf-0737/manifest.json
nlvnpf-0738,正御医官家傳/ Chính ngự y quan gia truyền,https://dzkimgs.l.u-tokyo.ac.jp/iiif/vnpf/nlvnpf/nlvnpf-0738/manifest.json
nlvnpf-0739,周易歌訣/ Chu dịch ca quyết,https://dzkimgs.l.u-tokyo.ac.jp/iiif/vnpf/nlvnpf/nlvnpf-0739/manifest.json
nlvnpf-0742,周原雜詠/ Chu nguyên tạp vịnh,https://dzkimgs.l.u-tokyo.ac.jp/iiif/vnpf/nlvnpf/nlvnpf-0742/manifest.json
nlvnpf-0743,鼓舞兑甲券例/ Cổ vũ Đoài giáp khoán lệ,https://dzkimgs.l.u-tokyo.ac.jp/iiif/vnpf/nlvnpf/nlvnpf-0743/manifest.json
nlvnpf-0744,公餘捷記/ Công dư tiệp ký,https://dzkimgs.l.u-tokyo.ac.jp/iiif/vnpf/nlvnpf/nlvnpf-0744/manifest.json
nlvnpf-0745,功過格校編/ Công quá cách hiệu biên,https://dzkimgs.l.u-tokyo.ac.jp/iiif/vnpf/nlvnpf/nlvnpf-0745/manifest.json
nlvnpf-0746,公直大夫傳/ Công trực đại phu truyện,https://dzkimgs.l.u-tokyo.ac.jp/iiif/vnpf/nlvnpf/nlvnpf-0746/manifest.json
nlvnpf-0747,供禮符咒/ Cúng lễ phù chú,https://dzkimgs.l.u-tokyo.ac.jp/iiif/vnpf/nlvnpf/nlvnpf-0747/manifest.json
nlvnpf-0748,舉業祠翰/ Cử nghiệp từ hàn,https://dzkimgs.l.u-tokyo.ac.jp/iiif/vnpf/nlvnpf/nlvnpf-0748/manifest.json
nlvnpf-0750,[名人詩題]/ [Danh nhân thi đề],https://dzkimgs.l.u-tokyo.ac.jp/iiif/vnpf/nlvnpf/nlvnpf-0750/manifest.json
nlvnpf-0751,名賦合選/ Danh phú hợp tuyển,https://dzkimgs.l.u-tokyo.ac.jp/iiif/vnpf/nlvnpf/nlvnpf-0751/manifest.json
nlvnpf-0752,名臣事略/ Danh thần sự lược,https://dzkimgs.l.u-tokyo.ac.jp/iiif/vnpf/nlvnpf/nlvnpf-0752/manifest.json
nlvnpf-0753,彌陀經彌陀經/ Di đà kinh,https://dzkimgs.l.u-tokyo.ac.jp/iiif/vnpf/nlvnpf/nlvnpf-0753/manifest.json
nlvnpf-0754,彌勒真經演音/ Di Lặc chân kinh diễn âm,https://dzkimgs.l.u-tokyo.ac.jp/iiif/vnpf/nlvnpf/nlvnpf-0754/manifest.json
nlvnpf-0756,易膚叢説/ Dịch phu tùng thuyết,https://dzkimgs.l.u-tokyo.ac.jp/iiif/vnpf/nlvnpf/nlvnpf-0756/manifest.json
nlvnpf-0757,妙經門/ Diệu kinh môn,https://dzkimgs.l.u-tokyo.ac.jp/iiif/vnpf/nlvnpf/nlvnpf-0757/manifest.json
nlvnpf-0758,藥品南名氣味正治𰙔括/ Dược phẩm nam danh khí vị chính trị ca quát,https://dzkimgs.l.u-tokyo.ac.jp/iiif/vnpf/nlvnpf/nlvnpf-0758/manifest.json
nlvnpf-0759,藥師經/ Dược sư kinh,https://dzkimgs.l.u-tokyo.ac.jp/iiif/vnpf/nlvnpf/nlvnpf-0759/manifest.json
nlvnpf-0761,藥性賦/ Dược tính phú,https://dzkimgs.l.u-tokyo.ac.jp/iiif/vnpf/nlvnpf/nlvnpf-0761/manifest.json
nlvnpf-0762,藥性賦/ Dược tính phú,https://dzkimgs.l.u-tokyo.ac.jp/iiif/vnpf/nlvnpf/nlvnpf-0762/manifest.json
nlvnpf-0763,藥文/ Dược văn,https://dzkimgs.l.u-tokyo.ac.jp/iiif/vnpf/nlvnpf/nlvnpf-0763/manifest.json
nlvnpf-0764,楊公逸民加補五章歌/ Dương công dật dân gia bổ ngũ chương ca,https://dzkimgs.l.u-tokyo.ac.jp/iiif/vnpf/nlvnpf/nlvnpf-0764/manifest.json
nlvnpf-0765,楊氏醫方國語歌/ Dương thị y phương quốc ngữ ca,https://dzkimgs.l.u-tokyo.ac.jp/iiif/vnpf/nlvnpf/nlvnpf-0765/manifest.json
nlvnpf-0766,陽節演義/ Dương tiết diễn nghĩa,https://dzkimgs.l.u-tokyo.ac.jp/iiif/vnpf/nlvnpf/nlvnpf-0766/manifest.json
nlvnpf-0767,養菴雜作/ Dưỡng am tạp tác,https://dzkimgs.l.u-tokyo.ac.jp/iiif/vnpf/nlvnpf/nlvnpf-0767/manifest.json
nlvnpf-0769,四書節要:大學/ Tứ thư tiết yếu: Đại học,https://dzkimgs.l.u-tokyo.ac.jp/iiif/vnpf/nlvnpf/nlvnpf-0769/manifest.json
nlvnpf-0770,"大學中庸集解/ Đại học, Trung dung tập giải",https://dzkimgs.l.u-tokyo.ac.jp/iiif/vnpf/nlvnpf/nlvnpf-0770/manifest.json
nlvnpf-0771,大南官制/ Đại Nam quan chế,https://dzkimgs.l.u-tokyo.ac.jp/iiif/vnpf/nlvnpf/nlvnpf-0771/manifest.json
nlvnpf-0772,大越歷史總論/ Đại Việt lịch sử tổng luận,https://dzkimgs.l.u-tokyo.ac.jp/iiif/vnpf/nlvnpf/nlvnpf-0772/manifest.json
nlvnpf-0773,大南一統志/ Đại Nam nhất thống chí (Q.1),https://dzkimgs.l.u-tokyo.ac.jp/iiif/vnpf/nlvnpf/nlvnpf-0773/manifest.json
nlvnpf-0774,大越史記全書/ Đại Việt sử ký toàn thư,https://dzkimgs.l.u-tokyo.ac.jp/iiif/vnpf/nlvnpf/nlvnpf-0774/manifest.json
nlvnpf-0775,[地局地圖]/ [Địa cục địa đồ],https://dzkimgs.l.u-tokyo.ac.jp/iiif/vnpf/nlvnpf/nlvnpf-0775/manifest.json
nlvnpf-0776,地藏菩蕯本願經/ Địa tạng Bồ Tát bản nguyện kinh,https://dzkimgs.l.u-tokyo.ac.jp/iiif/vnpf/nlvnpf/nlvnpf-0776/manifest.json
nlvnpf-0777,讀書格言/ Độc thư cách ngôn,https://dzkimgs.l.u-tokyo.ac.jp/iiif/vnpf/nlvnpf/nlvnpf-0777/manifest.json
nlvnpf-0778,對聯目錄/ Đối liên mục lục,https://dzkimgs.l.u-tokyo.ac.jp/iiif/vnpf/nlvnpf/nlvnpf-0778/manifest.json
nlvnpf-0781,嘉定通志/ Gia Định thông chí,https://dzkimgs.l.u-tokyo.ac.jp/iiif/vnpf/nlvnpf/nlvnpf-0781/manifest.json
nlvnpf-0782,河南鄕試文體/ Hà Nam hương thí văn thể,https://dzkimgs.l.u-tokyo.ac.jp/iiif/vnpf/nlvnpf/nlvnpf-0782/manifest.json
nlvnpf-0783,河南場鄕試文選/ Hà Nam trường hương thí văn,https://dzkimgs.l.u-tokyo.ac.jp/iiif/vnpf/nlvnpf/nlvnpf-0783/manifest.json
nlvnpf-0784,河南鄕試文選/ Hà Nam hương thí văn tuyển,https://dzkimgs.l.u-tokyo.ac.jp/iiif/vnpf/nlvnpf/nlvnpf-0784/manifest.json
nlvnpf-0785,河南鄕試文選/ Hà Nam hương thí văn tuyển,https://dzkimgs.l.u-tokyo.ac.jp/iiif/vnpf/nlvnpf/nlvnpf-0785/manifest.json
nlvnpf-0786,會庭文選/ Hội đình văn tuyển,https://dzkimgs.l.u-tokyo.ac.jp/iiif/vnpf/nlvnpf/nlvnpf-0786/manifest.json
nlvnpf-0787,會庭文選/ Hội đình văn tuyển,https://dzkimgs.l.u-tokyo.ac.jp/iiif/vnpf/nlvnpf/nlvnpf-0787/manifest.json
nlvnpf-0788,會庭文選會庭文選/ Hội đình văn tuyển,https://dzkimgs.l.u-tokyo.ac.jp/iiif/vnpf/nlvnpf/nlvnpf-0788/manifest.json
nlvnpf-0789,會庭文選/ Hội đình văn tuyển,https://dzkimgs.l.u-tokyo.ac.jp/iiif/vnpf/nlvnpf/nlvnpf-0789/manifest.json
nlvnpf-0790,會同四敎/ Hội đồng tứ giáo,https://dzkimgs.l.u-tokyo.ac.jp/iiif/vnpf/nlvnpf/nlvnpf-0790/manifest.json
nlvnpf-0791,會試文選/ Hội thí văn tuyển,https://dzkimgs.l.u-tokyo.ac.jp/iiif/vnpf/nlvnpf/nlvnpf-0791/manifest.json
nlvnpf-0792,䧺王疆域備考/ Hùng Vương cương vực bị khảo,https://dzkimgs.l.u-tokyo.ac.jp/iiif/vnpf/nlvnpf/nlvnpf-0792/manifest.json
nlvnpf-0793,䧺王玉譜/ Hùng Vương ngọc phả,https://dzkimgs.l.u-tokyo.ac.jp/iiif/vnpf/nlvnpf/nlvnpf-0793/manifest.json
nlvnpf-0794,鄕飲社百祿義興/ Hương ẩm xã Bách Lộc Nghĩa Hưng,https://dzkimgs.l.u-tokyo.ac.jp/iiif/vnpf/nlvnpf/nlvnpf-0794/manifest.json
nlvnpf-0795,鄕會文選/ Hương hội văn tuyển,https://dzkimgs.l.u-tokyo.ac.jp/iiif/vnpf/nlvnpf/nlvnpf-0795/manifest.json
nlvnpf-0796,香山靈譜/ Hương Sơn linh phả,https://dzkimgs.l.u-tokyo.ac.jp/iiif/vnpf/nlvnpf/nlvnpf-0796/manifest.json
nlvnpf-0797,香山觀世音眞經新譯/ Hương Sơn Quan Thế Âm chân kinh tân dịch,https://dzkimgs.l.u-tokyo.ac.jp/iiif/vnpf/nlvnpf/nlvnpf-0797/manifest.json
nlvnpf-0798,鄕試文式/ Hương thí văn thức,https://dzkimgs.l.u-tokyo.ac.jp/iiif/vnpf/nlvnpf/nlvnpf-0798/manifest.json
nlvnpf-0799,鄕試文式/ Hương thí văn thức,https://dzkimgs.l.u-tokyo.ac.jp/iiif/vnpf/nlvnpf/nlvnpf-0799/manifest.json
nlvnpf-0800,鄕試文選/ Hương thí văn tuyển,https://dzkimgs.l.u-tokyo.ac.jp/iiif/vnpf/nlvnpf/nlvnpf-0800/manifest.json
nlvnpf-0801,鄕試文選/ Hương thí văn tuyển,https://dzkimgs.l.u-tokyo.ac.jp/iiif/vnpf/nlvnpf/nlvnpf-0801/manifest.json
nlvnpf-0802,鄕試文選/ Hương thí văn tuyển,https://dzkimgs.l.u-tokyo.ac.jp/iiif/vnpf/nlvnpf/nlvnpf-0802/manifest.json
nlvnpf-0803,鄕試文選/ Hương thí văn tuyển,https://dzkimgs.l.u-tokyo.ac.jp/iiif/vnpf/nlvnpf/nlvnpf-0803/manifest.json
nlvnpf-0804,鄕試文選/ Hương thí văn tuyển,https://dzkimgs.l.u-tokyo.ac.jp/iiif/vnpf/nlvnpf/nlvnpf-0804/manifest.json
nlvnpf-0805,鄕試文選/ Hương thí văn tuyển,https://dzkimgs.l.u-tokyo.ac.jp/iiif/vnpf/nlvnpf/nlvnpf-0805/manifest.json
nlvnpf-0806,鄕試文選/ Hương thí văn tuyển,https://dzkimgs.l.u-tokyo.ac.jp/iiif/vnpf/nlvnpf/nlvnpf-0806/manifest.json
nlvnpf-0807,鄕試文選/ Hương thí văn tuyển,https://dzkimgs.l.u-tokyo.ac.jp/iiif/vnpf/nlvnpf/nlvnpf-0807/manifest.json
nlvnpf-0809,金剛般若波羅密經/ Kim cương Bát nhã Bà La mật kinh,https://dzkimgs.l.u-tokyo.ac.jp/iiif/vnpf/nlvnpf/nlvnpf-0809/manifest.json
nlvnpf-0810,金剛彌陀偈咒箴銘/ Kim cương di đà kệ chú châm minh,https://dzkimgs.l.u-tokyo.ac.jp/iiif/vnpf/nlvnpf/nlvnpf-0810/manifest.json
nlvnpf-0811,金雲翹案/ Kim Vân Kiều án,https://dzkimgs.l.u-tokyo.ac.jp/iiif/vnpf/nlvnpf/nlvnpf-0811/manifest.json
nlvnpf-0812,金雲翹/ Kim Vân Kiều,https://dzkimgs.l.u-tokyo.ac.jp/iiif/vnpf/nlvnpf/nlvnpf-0812/manifest.json
nlvnpf-0813,金雲翹合集/ Kim Vân Kiều hợp tập,https://dzkimgs.l.u-tokyo.ac.jp/iiif/vnpf/nlvnpf/nlvnpf-0813/manifest.json
nlvnpf-0814,金雲翹錄/ Kim Vân Kiều lục,https://dzkimgs.l.u-tokyo.ac.jp/iiif/vnpf/nlvnpf/nlvnpf-0814/manifest.json
nlvnpf-0815,京北⿻几二土演國事/ Kinh Bắc phong thổ diễn quốc sự,https://dzkimgs.l.u-tokyo.ac.jp/iiif/vnpf/nlvnpf/nlvnpf-0815/manifest.json
nlvnpf-0816,經驗良方/ Kinh nghiệm lương phương,https://dzkimgs.l.u-tokyo.ac.jp/iiif/vnpf/nlvnpf/nlvnpf-0816/manifest.json
nlvnpf-0817,經詩經義/ Kinh thi kinh nghĩa,https://dzkimgs.l.u-tokyo.ac.jp/iiif/vnpf/nlvnpf/nlvnpf-0817/manifest.json
nlvnpf-0818,呂祖靈籤/ Lã tổ linh tiêm,https://dzkimgs.l.u-tokyo.ac.jp/iiif/vnpf/nlvnpf/nlvnpf-0818/manifest.json
nlvnpf-0819,立齋詩選/ Lập Trai thi tuyển,https://dzkimgs.l.u-tokyo.ac.jp/iiif/vnpf/nlvnpf/nlvnpf-0819/manifest.json
nlvnpf-0821,禮斎文集/ Lễ trai văn tập,https://dzkimgs.l.u-tokyo.ac.jp/iiif/vnpf/nlvnpf/nlvnpf-0821/manifest.json
nlvnpf-0822,歷科名表/ Lịch khoa danh biểu,https://dzkimgs.l.u-tokyo.ac.jp/iiif/vnpf/nlvnpf/nlvnpf-0822/manifest.json
nlvnpf-0823,歷科會庭文選/ Lịch khoa Hội đình văn tuyển,https://dzkimgs.l.u-tokyo.ac.jp/iiif/vnpf/nlvnpf/nlvnpf-0823/manifest.json
nlvnpf-0824,列祀儀文/ Liệt tự nghi văn,https://dzkimgs.l.u-tokyo.ac.jp/iiif/vnpf/nlvnpf/nlvnpf-0824/manifest.json
nlvnpf-0827,論體新選/ Luận thể tân tuyển,https://dzkimgs.l.u-tokyo.ac.jp/iiif/vnpf/nlvnpf/nlvnpf-0827/manifest.json
nlvnpf-0828,&#393310;文安公策略/ Lưu Văn An công sách lược,https://dzkimgs.l.u-tokyo.ac.jp/iiif/vnpf/nlvnpf/nlvnpf-0828/manifest.json
nlvnpf-0829,良醫家傳外科治癰疽門/ Lương y gia truyền ngoại khoa trị ung thư môn,https://dzkimgs.l.u-tokyo.ac.jp/iiif/vnpf/nlvnpf/nlvnpf-0829/manifest.json
nlvnpf-0830,脉法密傳/ Mạch pháp mật truyền,https://dzkimgs.l.u-tokyo.ac.jp/iiif/vnpf/nlvnpf/nlvnpf-0830/manifest.json
nlvnpf-0831,明心寶鑑釋義/ Minh tâm bảo giám thích nghĩa,https://dzkimgs.l.u-tokyo.ac.jp/iiif/vnpf/nlvnpf/nlvnpf-0831/manifest.json
nlvnpf-0832,南北史書詠/ Nam Bắc sử thư vịnh,https://dzkimgs.l.u-tokyo.ac.jp/iiif/vnpf/nlvnpf/nlvnpf-0832/manifest.json
nlvnpf-0833,南國地輿教科書/ Nam quốc địa dư giáo khoa thư,https://dzkimgs.l.u-tokyo.ac.jp/iiif/vnpf/nlvnpf/nlvnpf-0833/manifest.json
nlvnpf-0834,南天藥性賦/ Nam thiên dược tính phú,https://dzkimgs.l.u-tokyo.ac.jp/iiif/vnpf/nlvnpf/nlvnpf-0834/manifest.json
nlvnpf-0835,峨山景致/ Nga Sơn cảnh trí,https://dzkimgs.l.u-tokyo.ac.jp/iiif/vnpf/nlvnpf/nlvnpf-0835/manifest.json
nlvnpf-0836,銀河鏡天度𢼂法/ Ngân hà kính thiên độ số pháp,https://dzkimgs.l.u-tokyo.ac.jp/iiif/vnpf/nlvnpf/nlvnpf-0836/manifest.json
nlvnpf-0837,玉匣攢要通用/ Ngọc hạp toản yếu thông dụng,https://dzkimgs.l.u-tokyo.ac.jp/iiif/vnpf/nlvnpf/nlvnpf-0837/manifest.json
nlvnpf-0838,玉皇骨髓眞經/ Ngọc hoàng cốt tuỷ chân kinh,https://dzkimgs.l.u-tokyo.ac.jp/iiif/vnpf/nlvnpf/nlvnpf-0838/manifest.json
nlvnpf-0840,五百名觀世音經/ Ngũ bách danh Quan Thế Âm kinh,https://dzkimgs.l.u-tokyo.ac.jp/iiif/vnpf/nlvnpf/nlvnpf-0840/manifest.json
nlvnpf-0841,五雲樓增訂四體書法/ Ngũ Vân Lâu tăng đính tứ thể thư pháp,https://dzkimgs.l.u-tokyo.ac.jp/iiif/vnpf/nlvnpf/nlvnpf-0841/manifest.json
nlvnpf-0845,日誦修持切要經/ Nhật tụng tu trì thiết yếu kinh,https://dzkimgs.l.u-tokyo.ac.jp/iiif/vnpf/nlvnpf/nlvnpf-0845/manifest.json
nlvnpf-0846,女小學/ Nữ tiểu học,https://dzkimgs.l.u-tokyo.ac.jp/iiif/vnpf/nlvnpf/nlvnpf-0846/manifest.json
nlvnpf-0847,法越提携正見書/ Pháp Việt đề huề chính kiến thư,https://dzkimgs.l.u-tokyo.ac.jp/iiif/vnpf/nlvnpf/nlvnpf-0847/manifest.json
nlvnpf-0848,方亭嚶言詩集/ Phương Đình anh ngôn thi tập,https://dzkimgs.l.u-tokyo.ac.jp/iiif/vnpf/nlvnpf/nlvnpf-0848/manifest.json
nlvnpf-0849,方亭詩類流覽集/ Phương Đình thi loại lưu lãm tập,https://dzkimgs.l.u-tokyo.ac.jp/iiif/vnpf/nlvnpf/nlvnpf-0849/manifest.json
nlvnpf-0850,范公/ Phạm Công,https://dzkimgs.l.u-tokyo.ac.jp/iiif/vnpf/nlvnpf/nlvnpf-0850/manifest.json
nlvnpf-0851,佛説五王經演音/ Phật thuyết ngũ vương kinh diễn âm,https://dzkimgs.l.u-tokyo.ac.jp/iiif/vnpf/nlvnpf/nlvnpf-0851/manifest.json
nlvnpf-0852,普度&#394186;生篇/ Phổ độ chúng sinh thiên,https://dzkimgs.l.u-tokyo.ac.jp/iiif/vnpf/nlvnpf/nlvnpf-0852/manifest.json
nlvnpf-0853,俯察秘索提綱賦/ Phủ sát bí sách đề cương phú,https://dzkimgs.l.u-tokyo.ac.jp/iiif/vnpf/nlvnpf/nlvnpf-0853/manifest.json
nlvnpf-0854,福基亭四約/ Phúc cơ đình tứ ước,https://dzkimgs.l.u-tokyo.ac.jp/iiif/vnpf/nlvnpf/nlvnpf-0854/manifest.json
nlvnpf-0855,觀音芫子本行/ Quan Âm nguyên tử bản hạnh,https://dzkimgs.l.u-tokyo.ac.jp/iiif/vnpf/nlvnpf/nlvnpf-0855/manifest.json
nlvnpf-0856,觀音普門品經/ Quan Âm phổ môn phẩm kinh,https://dzkimgs.l.u-tokyo.ac.jp/iiif/vnpf/nlvnpf/nlvnpf-0856/manifest.json
nlvnpf-0857,官箴捷錄/ Quan châm tiệp lục,https://dzkimgs.l.u-tokyo.ac.jp/iiif/vnpf/nlvnpf/nlvnpf-0857/manifest.json
nlvnpf-0859,觀聖帝君感應明聖經註解/ Quan thánh đế quân cảm ứng minh thánh kinh chú giải,https://dzkimgs.l.u-tokyo.ac.jp/iiif/vnpf/nlvnpf/nlvnpf-0859/manifest.json
nlvnpf-0861,關聖垂訓寶文/ Quan thánh thuỳ huấn bảo văn,https://dzkimgs.l.u-tokyo.ac.jp/iiif/vnpf/nlvnpf/nlvnpf-0861/manifest.json
nlvnpf-0864,國朝書契/ Quốc triều thư khế,https://dzkimgs.l.u-tokyo.ac.jp/iiif/vnpf/nlvnpf/nlvnpf-0864/manifest.json
nlvnpf-0866,讖記祕傳/ Sấm kí bí truyền,https://dzkimgs.l.u-tokyo.ac.jp/iiif/vnpf/nlvnpf/nlvnpf-0866/manifest.json
nlvnpf-0867,史畧節要/ Sử lược tiết yếu,https://dzkimgs.l.u-tokyo.ac.jp/iiif/vnpf/nlvnpf/nlvnpf-0867/manifest.json
nlvnpf-0868,搜釆諸家對聯並帳文/ Sưu thái chư gia đối liên tịnh trướng văn,https://dzkimgs.l.u-tokyo.ac.jp/iiif/vnpf/nlvnpf/nlvnpf-0868/manifest.json
nlvnpf-0870,北史詠史賦/ Bắc sử vịnh sử phú,https://dzkimgs.l.u-tokyo.ac.jp/iiif/vnpf/nlvnpf/nlvnpf-0870/manifest.json
nlvnpf-0871,八陣全書/ Bát trận toàn thư,https://dzkimgs.l.u-tokyo.ac.jp/iiif/vnpf/nlvnpf/nlvnpf-0871/manifest.json
nlvnpf-0872,平陽精要/ Bình Dương tinh yếu,https://dzkimgs.l.u-tokyo.ac.jp/iiif/vnpf/nlvnpf/nlvnpf-0872/manifest.json
nlvnpf-0873,高王真傳地理圖真龍穴/ Cao Vương chân truyền địa lý đồ chân long huyệt,https://dzkimgs.l.u-tokyo.ac.jp/iiif/vnpf/nlvnpf/nlvnpf-0873/manifest.json
nlvnpf-0874,征婦吟/ Chinh phụ ngâm,https://dzkimgs.l.u-tokyo.ac.jp/iiif/vnpf/nlvnpf/nlvnpf-0874/manifest.json
nlvnpf-0875,供禮符咒/ Cúng lễ phù chú,https://dzkimgs.l.u-tokyo.ac.jp/iiif/vnpf/nlvnpf/nlvnpf-0875/manifest.json
nlvnpf-0876,救世寶經/ Cứu thế bảo kinh,https://dzkimgs.l.u-tokyo.ac.jp/iiif/vnpf/nlvnpf/nlvnpf-0876/manifest.json
nlvnpf-0877,名聯拔尤/ Danh liên bạt vưu,https://dzkimgs.l.u-tokyo.ac.jp/iiif/vnpf/nlvnpf/nlvnpf-0877/manifest.json
nlvnpf-0878,彌陀般若經註合釘/ Di Đà Bát Nhã kinh chú hợp đính,https://dzkimgs.l.u-tokyo.ac.jp/iiif/vnpf/nlvnpf/nlvnpf-0878/manifest.json
nlvnpf-0879,異授眼科/ Dị thụ nhãn khoa,https://dzkimgs.l.u-tokyo.ac.jp/iiif/vnpf/nlvnpf/nlvnpf-0879/manifest.json
nlvnpf-0880,陽節演義/ Dương Tiết diễn nghĩa,https://dzkimgs.l.u-tokyo.ac.jp/iiif/vnpf/nlvnpf/nlvnpf-0880/manifest.json
nlvnpf-0881,地理左𬇚遺書真傳正法/ Địa lý Tả Ao di thư chân truyền chính pháp,https://dzkimgs.l.u-tokyo.ac.jp/iiif/vnpf/nlvnpf/nlvnpf-0881/manifest.json
nlvnpf-0883,會同四教/ Hội đồng tứ giáo,https://dzkimgs.l.u-tokyo.ac.jp/iiif/vnpf/nlvnpf/nlvnpf-0883/manifest.json
nlvnpf-0885,皇越歷科詩賦/ Hoàng Việt lịch khoa thi phú,https://dzkimgs.l.u-tokyo.ac.jp/iiif/vnpf/nlvnpf/nlvnpf-0885/manifest.json
nlvnpf-0886,皇越新律/ Hoàng Việt tân luật,https://dzkimgs.l.u-tokyo.ac.jp/iiif/vnpf/nlvnpf/nlvnpf-0886/manifest.json
nlvnpf-0890,歷科名表/ Lịch khoa danh biểu,https://dzkimgs.l.u-tokyo.ac.jp/iiif/vnpf/nlvnpf/nlvnpf-0890/manifest.json
nlvnpf-0891,歷科香試文選/ Lịch khoa Hương thí văn tuyển,https://dzkimgs.l.u-tokyo.ac.jp/iiif/vnpf/nlvnpf/nlvnpf-0891/manifest.json
nlvnpf-0894,脈訣集要/ Mạch quyết tập yếu,https://dzkimgs.l.u-tokyo.ac.jp/iiif/vnpf/nlvnpf/nlvnpf-0894/manifest.json
nlvnpf-0896,女則演音/ Nữ tắc diễn âm,https://dzkimgs.l.u-tokyo.ac.jp/iiif/vnpf/nlvnpf/nlvnpf-0896/manifest.json
nlvnpf-0898,大南國史演歌/ Đại Nam quốc sử diễn ca,https://dzkimgs.l.u-tokyo.ac.jp/iiif/vnpf/nlvnpf/nlvnpf-0898/manifest.json
nlvnpf-0899,南藥神效/ Nam dược thần hiệu,https://dzkimgs.l.u-tokyo.ac.jp/iiif/vnpf/nlvnpf/nlvnpf-0899/manifest.json
tnvnpf-001,[朱族譜記]/ [Chu tộc gia phả],https://dzkimgs.l.u-tokyo.ac.jp/iiif/vnpf/tnvnpf/tnvnpf-001/manifest.json
tnvnpf-002,[黎族大宗家譜]/ [Lê tộc đại tông gia phả],https://dzkimgs.l.u-tokyo.ac.jp/iiif/vnpf/tnvnpf/tnvnpf-002/manifest.json
tnvnpf-003,百喻經/ Bách dụ kinh,https://dzkimgs.l.u-tokyo.ac.jp/iiif/vnpf/tnvnpf/tnvnpf-003/manifest.json
tnvnpf-004,攻文心囊妙語/ Công văn tâm nang diệu ngữ q2,https://dzkimgs.l.u-tokyo.ac.jp/iiif/vnpf/tnvnpf/tnvnpf-004/manifest.json
tnvnpf-006,關帝明聖經觧/ Quan đế minh thánh kinh giải,https://dzkimgs.l.u-tokyo.ac.jp/iiif/vnpf/tnvnpf/tnvnpf-006/manifest.json
tnvnpf-009,地藏菩蕯本願經/ Địa tạng Bồ Tát bản nguyện kinh,https://dzkimgs.l.u-tokyo.ac.jp/iiif/vnpf/tnvnpf/tnvnpf-009/manifest.json
tnvnpf-011,頂峯菘菉 新撰鋟梓心囊大集/ Đính Phong Tùng Lục tân soạn tẩm tử Tâm nang đại tập q.01-02,https://dzkimgs.l.u-tokyo.ac.jp/iiif/vnpf/tnvnpf/tnvnpf-011/manifest.json
tnvnpf-013,唯識三十誦釋略/ Duy thức tam thập tụng thích lược,https://dzkimgs.l.u-tokyo.ac.jp/iiif/vnpf/tnvnpf/tnvnpf-013/manifest.json
tnvnpf-015,欽天解厄經/ Khâm Thiên giải ách kinh,https://dzkimgs.l.u-tokyo.ac.jp/iiif/vnpf/tnvnpf/tnvnpf-015/manifest.json
tnvnpf-016,金剛般若波羅密經/ Kim Cương bát nhã ba la mật kinh,https://dzkimgs.l.u-tokyo.ac.jp/iiif/vnpf/tnvnpf/tnvnpf-016/manifest.json
tnvnpf-019,禮記大全/ Lễ kí đại toàn q.01-02,https://dzkimgs.l.u-tokyo.ac.jp/iiif/vnpf/tnvnpf/tnvnpf-019/manifest.json
tnvnpf-021,五百名觀世音經/ Ngũ bách danh Quan Thế Âm kinh,https://dzkimgs.l.u-tokyo.ac.jp/iiif/vnpf/tnvnpf/tnvnpf-021/manifest.json
tnvnpf-022,法寶壇經/ Pháp bảo đàn kinh,https://dzkimgs.l.u-tokyo.ac.jp/iiif/vnpf/tnvnpf/tnvnpf-022/manifest.json
tnvnpf-024,三經日誦/ Tam kinh nhật tụng,https://dzkimgs.l.u-tokyo.ac.jp/iiif/vnpf/tnvnpf/tnvnpf-024/manifest.json
tnvnpf-025,觀音過海眞經/ Quan âm quá hải chân kinh,https://dzkimgs.l.u-tokyo.ac.jp/iiif/vnpf/tnvnpf/tnvnpf-025/manifest.json
tnvnpf-026,大南國史演歌/ Đại Nam quốc sử diễn ca,https://dzkimgs.l.u-tokyo.ac.jp/iiif/vnpf/tnvnpf/tnvnpf-026/manifest.json
tnvnpf-027,沙彌律儀要略增註/ Sa di luật nghi  yếu lược tăng chú,https://dzkimgs.l.u-tokyo.ac.jp/iiif/vnpf/tnvnpf/tnvnpf-027/manifest.json
tnvnpf-028,比丘尼戒/ Tỉ khiêu ni giới,https://dzkimgs.l.u-tokyo.ac.jp/iiif/vnpf/tnvnpf/tnvnpf-028/manifest.json
tnvnpf-029,新刊德生錄/ Tân san đức sinh lục,https://dzkimgs.l.u-tokyo.ac.jp/iiif/vnpf/tnvnpf/tnvnpf-029/manifest.json
tnvnpf-032,凈土懺願/ Tịnh độ sám nguyện,https://dzkimgs.l.u-tokyo.ac.jp/iiif/vnpf/tnvnpf/tnvnpf-032/manifest.json
tnvnpf-035,慈悲觀音寶懺/ Từ bi Quan Âm bảo sám,https://dzkimgs.l.u-tokyo.ac.jp/iiif/vnpf/tnvnpf/tnvnpf-035/manifest.json
tnvnpf-036,慈悲水懺法/ Từ bi thuỷ sám pháp q.thượng + q.hạ,https://dzkimgs.l.u-tokyo.ac.jp/iiif/vnpf/tnvnpf/tnvnpf-036/manifest.json
tnvnpf-038,誦两乘戒經儀式/ Tụng  lưỡng thừa giới kinh nghi thức,https://dzkimgs.l.u-tokyo.ac.jp/iiif/vnpf/tnvnpf/tnvnpf-038/manifest.json
tnvnpf-039,潙山警策文/ Quy Sơn cảnh sách văn,https://dzkimgs.l.u-tokyo.ac.jp/iiif/vnpf/tnvnpf/tnvnpf-039/manifest.json
tnvnpf-043,聖母方名/ Thánh mẫu phương danh,https://dzkimgs.l.u-tokyo.ac.jp/iiif/vnpf/tnvnpf/tnvnpf-043/manifest.json
tnvnpf-044,供尊師科/ Cúng Tôn sư khoa,https://dzkimgs.l.u-tokyo.ac.jp/iiif/vnpf/tnvnpf/tnvnpf-044/manifest.json
tnvnpf-045,法句譬喻經/ Pháp cú thí dụ kinh,https://dzkimgs.l.u-tokyo.ac.jp/iiif/vnpf/tnvnpf/tnvnpf-045/manifest.json
tnvnpf-046,三經日用/ Tam kinh nhật dụng,https://dzkimgs.l.u-tokyo.ac.jp/iiif/vnpf/tnvnpf/tnvnpf-046/manifest.json
tnvnpf-047,淨土懺願/ Tịnh độ sám nguyện,https://dzkimgs.l.u-tokyo.ac.jp/iiif/vnpf/tnvnpf/tnvnpf-047/manifest.json
tnvnpf-048,普門經/ Phổ môn kinh,https://dzkimgs.l.u-tokyo.ac.jp/iiif/vnpf/tnvnpf/tnvnpf-048/manifest.json
tnvnpf-051,彌陀經/ Di đà kinh,https://dzkimgs.l.u-tokyo.ac.jp/iiif/vnpf/tnvnpf/tnvnpf-051/manifest.json
tnvnpf-052,比丘戒經/ Tỉ khiêu giới kinh,https://dzkimgs.l.u-tokyo.ac.jp/iiif/vnpf/tnvnpf/tnvnpf-052/manifest.json
tnvnpf-061,九章立成併法/ Cửu chương lập thành toán pháp,https://dzkimgs.l.u-tokyo.ac.jp/iiif/vnpf/tnvnpf/tnvnpf-061/manifest.json
tnvnpf-062,詞翰舉要/ Từ Hàn cử yếu,https://dzkimgs.l.u-tokyo.ac.jp/iiif/vnpf/tnvnpf/tnvnpf-062/manifest.json
tnvnpf-063,詳訂古文評註/ Tường đính cổ văn bình chú,https://dzkimgs.l.u-tokyo.ac.jp/iiif/vnpf/tnvnpf/tnvnpf-063/manifest.json
tnvnpf-064,句對孝/ Câu đối hiếu,https://dzkimgs.l.u-tokyo.ac.jp/iiif/vnpf/tnvnpf/tnvnpf-064/manifest.json
tnvnpf-065,[雜文]/ [Tạp văn],https://dzkimgs.l.u-tokyo.ac.jp/iiif/vnpf/tnvnpf/tnvnpf-065/manifest.json
tnvnpf-066,日用常談/ Nhật dụng thường đàm,https://dzkimgs.l.u-tokyo.ac.jp/iiif/vnpf/tnvnpf/tnvnpf-066/manifest.json
tnvnpf-067,田戸/ Điền hộ,https://dzkimgs.l.u-tokyo.ac.jp/iiif/vnpf/tnvnpf/tnvnpf-067/manifest.json
tnvnpf-068,氏未囑書/ Thị Vị chúc thư,https://dzkimgs.l.u-tokyo.ac.jp/iiif/vnpf/tnvnpf/tnvnpf-068/manifest.json
tnvnpf-069,[經救刼教訓]/ [Kinh cứu kiếp giáo huấn],https://dzkimgs.l.u-tokyo.ac.jp/iiif/vnpf/tnvnpf/tnvnpf-069/manifest.json
tnvnpf-070,度亡/ Độ vong,https://dzkimgs.l.u-tokyo.ac.jp/iiif/vnpf/tnvnpf/tnvnpf-070/manifest.json
tnvnpf-071,户陶各所田忌后/ Họ Đào các thửa điền kị hậu,https://dzkimgs.l.u-tokyo.ac.jp/iiif/vnpf/tnvnpf/tnvnpf-071/manifest.json
tnvnpf-072,粘𢼂相/ Xem số tướng,https://dzkimgs.l.u-tokyo.ac.jp/iiif/vnpf/tnvnpf/tnvnpf-072/manifest.json
tnvnpf-073,文祭大祈福五社博覧/ Văn tế đại kì Phúc Ngũ xã bác lãm,https://dzkimgs.l.u-tokyo.ac.jp/iiif/vnpf/tnvnpf/tnvnpf-073/manifest.json
tnvnpf-075,户陶居/ Họ Đào cư,https://dzkimgs.l.u-tokyo.ac.jp/iiif/vnpf/tnvnpf/tnvnpf-075/manifest.json
tnvnpf-076,文祭/ Văn tế,https://dzkimgs.l.u-tokyo.ac.jp/iiif/vnpf/tnvnpf/tnvnpf-076/manifest.json
tnvnpf-077,户陶長枝簿/ Họ Đào trưởng chi bạ,https://dzkimgs.l.u-tokyo.ac.jp/iiif/vnpf/tnvnpf/tnvnpf-077/manifest.json
tnvnpf-078,陶居/ Đào cư,https://dzkimgs.l.u-tokyo.ac.jp/iiif/vnpf/tnvnpf/tnvnpf-078/manifest.json
tnvnpf-079,囑書/ Chúc thư,https://dzkimgs.l.u-tokyo.ac.jp/iiif/vnpf/tnvnpf/tnvnpf-079/manifest.json
tnvnpf-080,立囑書/ Lập chúc thư,https://dzkimgs.l.u-tokyo.ac.jp/iiif/vnpf/tnvnpf/tnvnpf-080/manifest.json
tnvnpf-081,各欵/ Các khoản,https://dzkimgs.l.u-tokyo.ac.jp/iiif/vnpf/tnvnpf/tnvnpf-081/manifest.json
tnvnpf-082,長編上古/ Trường biên thượng cổ,https://dzkimgs.l.u-tokyo.ac.jp/iiif/vnpf/tnvnpf/tnvnpf-082/manifest.json
tnvnpf-083,承抄第二本元田/ Thừa sao đệ nhị bản nguyên điền,https://dzkimgs.l.u-tokyo.ac.jp/iiif/vnpf/tnvnpf/tnvnpf-083/manifest.json
tnvnpf-084,數弟子/ Sổ đệ tử,https://dzkimgs.l.u-tokyo.ac.jp/iiif/vnpf/tnvnpf/tnvnpf-084/manifest.json
tnvnpf-085,田居/ Điền cư,https://dzkimgs.l.u-tokyo.ac.jp/iiif/vnpf/tnvnpf/tnvnpf-085/manifest.json
tnvnpf-086,[雜文]/ [Tạp văn],https://dzkimgs.l.u-tokyo.ac.jp/iiif/vnpf/tnvnpf/tnvnpf-086/manifest.json
tnvnpf-087,承抄田土/ Thừa sao điền thổ,https://dzkimgs.l.u-tokyo.ac.jp/iiif/vnpf/tnvnpf/tnvnpf-087/manifest.json
tnvnpf-088,[治病]真宗正法神通傳秘書/ [Trị bệnh]Chân tông chính pháp thần thông truyền bí thư,https://dzkimgs.l.u-tokyo.ac.jp/iiif/vnpf/tnvnpf/tnvnpf-088/manifest.json
tnvnpf-089,水懺經/慈悲水懺 法 (上中下)/ Thủy sám kinh/Từ bi Thuỷ sám pháp (q. Thượng-Trung-Hạ),https://dzkimgs.l.u-tokyo.ac.jp/iiif/vnpf/tnvnpf/tnvnpf-089/manifest.json
tnvnpf-090,陳朝大王正經/ Trần triều đại vương chính kinh,https://dzkimgs.l.u-tokyo.ac.jp/iiif/vnpf/tnvnpf/tnvnpf-090/manifest.json
tnvnpf-091,欽天解厄經/ Khâm thiên giải ách kinh,https://dzkimgs.l.u-tokyo.ac.jp/iiif/vnpf/tnvnpf/tnvnpf-091/manifest.json
tnvnpf-092,[各科供通用]/ [Các khoa cúng thông dụng],https://dzkimgs.l.u-tokyo.ac.jp/iiif/vnpf/tnvnpf/tnvnpf-092/manifest.json
tnvnpf-093,禮靈神科/ Lễ linh thần khoa,https://dzkimgs.l.u-tokyo.ac.jp/iiif/vnpf/tnvnpf/tnvnpf-093/manifest.json
tnvnpf-094,度兦/ Độ vong,https://dzkimgs.l.u-tokyo.ac.jp/iiif/vnpf/tnvnpf/tnvnpf-094/manifest.json
tnvnpf-095,符咒/ Phù chú,https://dzkimgs.l.u-tokyo.ac.jp/iiif/vnpf/tnvnpf/tnvnpf-095/manifest.json
tnvnpf-096,攻文度陽/ [Công văn độ dương],https://dzkimgs.l.u-tokyo.ac.jp/iiif/vnpf/tnvnpf/tnvnpf-096/manifest.json
tnvnpf-097,[求安疏]/ [Cầu an sớ],https://dzkimgs.l.u-tokyo.ac.jp/iiif/vnpf/tnvnpf/tnvnpf-097/manifest.json
tnvnpf-098,[符咒]/ [Phù chú],https://dzkimgs.l.u-tokyo.ac.jp/iiif/vnpf/tnvnpf/tnvnpf-098/manifest.json
tnvnpf-099,哦虎營天狗/ Nga hổ doanh thiên cẩu,https://dzkimgs.l.u-tokyo.ac.jp/iiif/vnpf/tnvnpf/tnvnpf-099/manifest.json
tnvnpf-100,地殺符用三竒决法/ Địa sát phù dụng tam cơ quyết pháp,https://dzkimgs.l.u-tokyo.ac.jp/iiif/vnpf/tnvnpf/tnvnpf-100/manifest.json
tnvnpf-101,畧断前定𢼂人/ Lược đoán tiền định số nhân,https://dzkimgs.l.u-tokyo.ac.jp/iiif/vnpf/tnvnpf/tnvnpf-101/manifest.json
tnvnpf-102,[治重度陰]/ [Trị trùng độ âm],https://dzkimgs.l.u-tokyo.ac.jp/iiif/vnpf/tnvnpf/tnvnpf-102/manifest.json
tnvnpf-103,符咒/ Bùa chú,https://dzkimgs.l.u-tokyo.ac.jp/iiif/vnpf/tnvnpf/tnvnpf-103/manifest.json
tnvnpf-104,示法宗師正道家傳六智神通秘咒/ Thị pháp tông sư chính đạo gia truyền lục trí thần thông bí chú,https://dzkimgs.l.u-tokyo.ac.jp/iiif/vnpf/tnvnpf/tnvnpf-104/manifest.json
tnvnpf-105,一門性尋塒/ Nhất môn tính tầm thời,https://dzkimgs.l.u-tokyo.ac.jp/iiif/vnpf/tnvnpf/tnvnpf-105/manifest.json
tnvnpf-106,陽宅三要/ Dương trạch tam yếu,https://dzkimgs.l.u-tokyo.ac.jp/iiif/vnpf/tnvnpf/tnvnpf-106/manifest.json
tnvnpf-107,地理卷/ Địa lý quyển,https://dzkimgs.l.u-tokyo.ac.jp/iiif/vnpf/tnvnpf/tnvnpf-107/manifest.json
tnvnpf-108,新訂萬事不求人書/ Tân đính vạn sự bất cầu nhân thư,https://dzkimgs.l.u-tokyo.ac.jp/iiif/vnpf/tnvnpf/tnvnpf-108/manifest.json
tnvnpf-109,男女准𢆫吉凶法靈驗/ Nam nữ chuẩn tuổi cát hung pháp linh nghiệm,https://dzkimgs.l.u-tokyo.ac.jp/iiif/vnpf/tnvnpf/tnvnpf-109/manifest.json
tnvnpf-110,安星紫㣲錦宅/ An tinh tử vi cẩm trạch,https://dzkimgs.l.u-tokyo.ac.jp/iiif/vnpf/tnvnpf/tnvnpf-110/manifest.json
tnvnpf-111,占足鷄吉㓙傳/ Chiêm túc kê cát hung truyện,https://dzkimgs.l.u-tokyo.ac.jp/iiif/vnpf/tnvnpf/tnvnpf-111/manifest.json
tnvnpf-112,各科眷邪/ Các môn quyến tà,https://dzkimgs.l.u-tokyo.ac.jp/iiif/vnpf/tnvnpf/tnvnpf-112/manifest.json
tnvnpf-113,地理卷/ Địa lý quyển,https://dzkimgs.l.u-tokyo.ac.jp/iiif/vnpf/tnvnpf/tnvnpf-113/manifest.json
tnvnpf-114,占𢆫/ Xem tuổi,https://dzkimgs.l.u-tokyo.ac.jp/iiif/vnpf/tnvnpf/tnvnpf-114/manifest.json
tnvnpf-115,蘿𢼂紫㣲个人/ [Lá số tử vi cá nhân],https://dzkimgs.l.u-tokyo.ac.jp/iiif/vnpf/tnvnpf/tnvnpf-115/manifest.json
tnvnpf-116,卷萬事/ Quyển vạn sự,https://dzkimgs.l.u-tokyo.ac.jp/iiif/vnpf/tnvnpf/tnvnpf-116/manifest.json
tnvnpf-117,占鷄足各事吉凶/ Chiêm kê túc các sự cát hung,https://dzkimgs.l.u-tokyo.ac.jp/iiif/vnpf/tnvnpf/tnvnpf-117/manifest.json
tnvnpf-118,送神科/ Tống thần khoa,https://dzkimgs.l.u-tokyo.ac.jp/iiif/vnpf/tnvnpf/tnvnpf-118/manifest.json
tnvnpf-120,發火關單/ Phát hỏa quan đan,https://dzkimgs.l.u-tokyo.ac.jp/iiif/vnpf/tnvnpf/tnvnpf-120/manifest.json
tnvnpf-121,壽梅家禮/ Thọ Mai gia lễ,https://dzkimgs.l.u-tokyo.ac.jp/iiif/vnpf/tnvnpf/tnvnpf-121/manifest.json
tnvnpf-122,數弟子/ Sổ đệ tử,https://dzkimgs.l.u-tokyo.ac.jp/iiif/vnpf/tnvnpf/tnvnpf-122/manifest.json
tnvnpf-123,[各科供]/ [Các khoa cúng],https://dzkimgs.l.u-tokyo.ac.jp/iiif/vnpf/tnvnpf/tnvnpf-123/manifest.json
tnvnpf-124,[雜抄]/ [Tạp sao],https://dzkimgs.l.u-tokyo.ac.jp/iiif/vnpf/tnvnpf/tnvnpf-124/manifest.json
tnvnpf-125,公同文朝/ Công đồng văn chầu,https://dzkimgs.l.u-tokyo.ac.jp/iiif/vnpf/tnvnpf/tnvnpf-125/manifest.json
tnvnpf-126,孤魂科救苦真經/ Cô hồn khoa cứu khổ chân kinh,https://dzkimgs.l.u-tokyo.ac.jp/iiif/vnpf/tnvnpf/tnvnpf-126/manifest.json
tnvnpf-127,[各科供]/ [Các khoa cúng],https://dzkimgs.l.u-tokyo.ac.jp/iiif/vnpf/tnvnpf/tnvnpf-127/manifest.json
tnvnpf-128,[供𫢋科]/ [Cúng Phật khoa],https://dzkimgs.l.u-tokyo.ac.jp/iiif/vnpf/tnvnpf/tnvnpf-128/manifest.json
tnvnpf-129,度兦/ Độ vong,https://dzkimgs.l.u-tokyo.ac.jp/iiif/vnpf/tnvnpf/tnvnpf-129/manifest.json
tnvnpf-130,三教六殮/ Tam giáo lục liễm,https://dzkimgs.l.u-tokyo.ac.jp/iiif/vnpf/tnvnpf/tnvnpf-130/manifest.json
tnvnpf-131,[各科供]/ [Các khoa cúng],https://dzkimgs.l.u-tokyo.ac.jp/iiif/vnpf/tnvnpf/tnvnpf-131/manifest.json
tnvnpf-132,[各科供]/ [Các khoa cúng],https://dzkimgs.l.u-tokyo.ac.jp/iiif/vnpf/tnvnpf/tnvnpf-132/manifest.json
tnvnpf-133,破獄科/ Phá ngục khoa,https://dzkimgs.l.u-tokyo.ac.jp/iiif/vnpf/tnvnpf/tnvnpf-133/manifest.json
tnvnpf-134,供𫢋科/ Cúng Phật khoa,https://dzkimgs.l.u-tokyo.ac.jp/iiif/vnpf/tnvnpf/tnvnpf-134/manifest.json
tnvnpf-135,請四府科共山莊/ Thỉnh tứ phủ khoa cộng sơn trang,https://dzkimgs.l.u-tokyo.ac.jp/iiif/vnpf/tnvnpf/tnvnpf-135/manifest.json
tnvnpf-136,[請聖科]/ [Thỉnh thánh khoa],https://dzkimgs.l.u-tokyo.ac.jp/iiif/vnpf/tnvnpf/tnvnpf-136/manifest.json
tnvnpf-137,[水陸諸科]/ [Thủy lục chư khoa],https://dzkimgs.l.u-tokyo.ac.jp/iiif/vnpf/tnvnpf/tnvnpf-137/manifest.json
tnvnpf-138,科四府共山莊/ Khoa tứ phủ cộng sơn trang,https://dzkimgs.l.u-tokyo.ac.jp/iiif/vnpf/tnvnpf/tnvnpf-138/manifest.json
tnvnpf-139,供聖科/ Cúng thánh khoa,https://dzkimgs.l.u-tokyo.ac.jp/iiif/vnpf/tnvnpf/tnvnpf-139/manifest.json
tnvnpf-140,攻文疏/ Công văn sớ,https://dzkimgs.l.u-tokyo.ac.jp/iiif/vnpf/tnvnpf/tnvnpf-140/manifest.json
tnvnpf-141,國 朝 書 契/ Quốc triều thư khế,https://dzkimgs.l.u-tokyo.ac.jp/iiif/vnpf/tnvnpf/tnvnpf-141/manifest.json
tnvnpf-142,祝食科/ Chúc thực khoa,https://dzkimgs.l.u-tokyo.ac.jp/iiif/vnpf/tnvnpf/tnvnpf-142/manifest.json
